x,y,real_psi_tilde,imag_psi_tilde,physical_density
-6.0000000000000000e+00,-6.0000000000000000e+00,-2.2205281111170441e-10,0.0000000000000000e+00,3.5063076211633973e-19
-5.6250000000000000e+00,-6.0000000000000000e+00,-6.3790379743674002e-12,0.0000000000000000e+00,2.8936622562432953e-22
-5.2500000000000000e+00,-6.0000000000000000e+00,2.0998060952954171e-11,0.0000000000000000e+00,3.1354208980194036e-21
-4.8750000000000000e+00,-6.0000000000000000e+00,5.4531289830368329e-10,0.0000000000000000e+00,2.1146037835119164e-18
-4.5000000000000000e+00,-6.0000000000000000e+00,1.3304126317192225e-10,0.0000000000000000e+00,1.2586650813426259e-19
-4.1250000000000000e+00,-6.0000000000000000e+00,-6.3370698183450461e-11,0.0000000000000000e+00,2.8557122760945574e-20
-3.7500000000000000e+00,-6.0000000000000000e+00,8.6760349099608915e-10,0.0000000000000000e+00,5.3527880361856069e-18
-3.3750000000000000e+00,-6.0000000000000000e+00,7.7976716228506333e-10,0.0000000000000000e+00,4.3238174391331581e-18
-3.0000000000000000e+00,-6.0000000000000000e+00,3.7447554597095904e-09,0.0000000000000000e+00,9.9720486777065132e-17
-2.6250000000000000e+00,-6.0000000000000000e+00,5.4180694292195115e-09,0.0000000000000000e+00,2.0875005397221717e-16
-2.2500000000000000e+00,-6.0000000000000000e+00,1.1234850539762014e-08,0.0000000000000000e+00,8.9757771840562366e-16
-1.8750000000000000e+00,-6.0000000000000000e+00,2.0384918752994341e-08,0.0000000000000000e+00,2.9549860449150604e-15
-1.5000000000000000e+00,-6.0000000000000000e+00,3.9921807673128646e-08,0.0000000000000000e+00,1.1333338509441942e-14
-1.1250000000000000e+00,-6.0000000000000000e+00,6.4884781617260677e-08,0.0000000000000000e+00,2.9938025852583883e-14
-7.5000000000000000e-01,-6.0000000000000000e+00,8.9124531305328847e-08,0.0000000000000000e+00,5.6484850349472292e-14
-3.7500000000000000e-01,-6.0000000000000000e+00,1.0861186051383875e-07,0.0000000000000000e+00,8.3886479959307133e-14
0.0000000000000000e+00,-6.0000000000000000e+00,1.1500437939410818e-07,0.0000000000000000e+00,9.4051607323192698e-14
3.7500000000000000e-01,-6.0000000000000000e+00,1.0894591608180859e-07,0.0000000000000000e+00,8.4403289819765175e-14
7.5000000000000000e-01,-6.0000000000000000e+00,9.0431079197017858e-08,0.0000000000000000e+00,5.8153102824798701e-14
1.1250000000000000e+00,-6.0000000000000000e+00,6.4464701212490168e-08,0.0000000000000000e+00,2.9551628106066711e-14
1.5000000000000000e+00,-6.0000000000000000e+00,3.9921746979427853e-08,0.0000000000000000e+00,1.1333304048991693e-14
1.8750000000000000e+00,-6.0000000000000000e+00,2.1048045615587645e-08,0.0000000000000000e+00,3.1503660390105478e-15
2.2500000000000000e+00,-6.0000000000000000e+00,1.1815428950998171e-08,0.0000000000000000e+00,9.9274212477216518e-16
2.6250000000000000e+00,-6.0000000000000000e+00,5.9712246701880913e-09,0.0000000000000000e+00,2.5355039332880268e-16
3.0000000000000000e+00,-6.0000000000000000e+00,1.8201212973668869e-09,0.0000000000000000e+00,2.3557984264025030e-17
3.3750000000000000e+00,-6.0000000000000000e+00,1.4952476873268834e-09,0.0000000000000000e+00,1.5898777930356573e-17
3.7500000000000000e+00,-6.0000000000000000e+00,2.4183658134703067e-10,0.0000000000000000e+00,4.1589285032973499e-19
4.1250000000000000e+00,-6.0000000000000000e+00,7.3387500217827934e-10,0.0000000000000000e+00,3.8298490227354275e-18
4.5000000000000000e+00,-6.0000000000000000e+00,-2.3193594928338958e-10,0.0000000000000000e+00,3.8253713471990801e-19
4.8750000000000000e+00,-6.0000000000000000e+00,5.5414799976111015e-11,0.0000000000000000e+00,2.1836800401012575e-20
5.2500000000000000e+00,-6.0000000000000000e+00,2.3739111168978490e-10,0.0000000000000000e+00,4.0074339491066255e-19
5.6250000000000000e+00,-6.0000000000000000e+00,-8.8355050882284779e-11,0.0000000000000000e+00,5.5513706783368054e-20
-6.0000000000000000e+00,-5.6250000000000000e+00,-8.8692227027576573e-10,0.0000000000000000e+00,5.5938212516346194e-18
-5.6250000000000000e+00,-5.6250000000000000e+00,-8.6192175495927396e-11,0.0000000000000000e+00,5.2829092385569763e-20
-5.2500000000000000e+00,-5.6250000000000000e+00,3.5417752834729212e-10,0.0000000000000000e+00,8.9203002016851146e-19
-4.8750000000000000e+00,-5.6250000000000000e+00,1.9820634318652752e-09,0.0000000000000000e+00,2.7936536518667041e-17
-4.5000000000000000e+00,-5.6250000000000000e+00,7.7423068444236898e-10,0.0000000000000000e+00,4.2626357527615939e-18
-4.1250000000000000e+00,-5.6250000000000000e+00,2.3446336695732707e-10,0.0000000000000000e+00,3.9091961205309303e-19
-3.7500000000000000e+00,-5.6250000000000000e+00,3.9569005210939179e-09,0.0000000000000000e+00,1.1133910566281473e-16
-3.3750000000000000e+00,-5.6250000000000000e+00,3.7443317225892050e-09,0.0000000000000000e+00,9.9697920346935766e-17
-3.0000000000000000e+00,-5.6250000000000000e+00,6.2961483819472868e-09,0.0000000000000000e+00,2.8189500051553733e-16
-2.6250000000000000e+00,-5.6250000000000000e+00,2.2179825749289383e-08,0.0000000000000000e+00,3.4982732108006427e-15
-2.2500000000000000e+00,-5.6250000000000000e+00,3.6236647153754802e-08,0.0000000000000000e+00,9.3375615782807186e-15
-1.8750000000000000e+00,-5.6250000000000000e+00,6.2460691273639298e-08,0.0000000000000000e+00,2.7742847675597372e-14
-1.5000000000000000e+00,-5.6250000000000000e+00,1.0896712536060210e-07,0.0000000000000000e+00,8.4436155799844786e-14
-1.1250000000000000e+00,-5.6250000000000000e+00,2.1248241302575303e-07,0.0000000000000000e+00,3.2105796156619880e-13
-7.5000000000000000e-01,-5.6250000000000000e+00,3.2006599680767240e-07,0.0000000000000000e+00,7.2847816755547708e-13
-3.7500000000000000e-01,-5.6250000000000000e+00,3.6776130254285893e-07,0.0000000000000000e+00,9.6176622683036601e-13
0.0000000000000000e+00,-5.6250000000000000e+00,3.7675860038547765e-07,0.0000000000000000e+00,1.0094011944136820e-12
3.7500000000000000e-01,-5.6250000000000000e+00,3.6619723899049584e-07,0.0000000000000000e+00,9.5360297133697646e-13
7.5000000000000000e-01,-5.6250000000000000e+00,3.1837312658777286e-07,0.0000000000000000e+00,7.2079251721439315e-13
1.1250000000000000e+00,-5.6250000000000000e+00,2.1028035729584076e-07,0.0000000000000000e+00,3.1443789272509476e-13
1.5000000000000000e+00,-5.6250000000000000e+00,1.1022848328414385e-07,0.0000000000000000e+00,8.6402265081761992e-14
1.8750000000000000e+00,-5.6250000000000000e+00,5.9677872673636554e-08,0.0000000000000000e+00,2.5325855906494410e-14
2.2500000000000000e+00,-5.6250000000000000e+00,3.5872733491898169e-08,0.0000000000000000e+00,9.1509547248409073e-15
2.6250000000000000e+00,-5.6250000000000000e+00,2.0471647119234601e-08,0.0000000000000000e+00,2.9801837210628717e-15
3.0000000000000000e+00,-5.6250000000000000e+00,8.5166596966080120e-09,0.0000000000000000e+00,5.1579372364677170e-16
3.3750000000000000e+00,-5.6250000000000000e+00,7.6097172812314200e-09,0.0000000000000000e+00,4.1178877937971281e-16
3.7500000000000000e+00,-5.6250000000000000e+00,1.5931032066858982e-09,0.0000000000000000e+00,1.8047842326420564e-17
4.1250000000000000e+00,-5.6250000000000000e+00,3.4674189408482872e-09,0.0000000000000000e+00,8.5496847014069026e-17
4.5000000000000000e+00,-5.6250000000000000e+00,-9.4978821640461089e-10,0.0000000000000000e+00,6.4149166650385923e-18
4.8750000000000000e+00,-5.6250000000000000e+00,1.1221395050856895e-09,0.0000000000000000e+00,8.9542902675481314e-18
5.2500000000000000e+00,-5.6250000000000000e+00,7.0773312216563808e-10,0.0000000000000000e+00,3.5618572246067338e-18
5.6250000000000000e+00,-5.6250000000000000e+00,-9.8803406961516878e-10,0.0000000000000000e+00,6.9419471837888863e-18
-6.0000000000000000e+00,-5.2500000000000000e+00,-1.6127605904978455e-09,0.0000000000000000e+00,1.8495976691647712e-17
-5.6250000000000000e+00,-5.2500000000000000e+00,-1.8096875670199867e-10,0.0000000000000000e+00,2.3288669086056665e-19
-5.2500000000000000e+00,-5.2500000000000000e+00,5.5371943501149212e-10,0.0000000000000000e+00,2.1803037348227275e-18
-4.8750000000000000e+00,-5.2500000000000000e+00,3.6708138273138095e-09,0.0000000000000000e+00,9.5821327323009841e-17
-4.5000000000000000e+00,-5.2500000000000000e+00,1.3983885390794823e-09,0.0000000000000000e+00,1.3905710266516256e-17
-4.1250000000000000e+00,-5.2500000000000000e+00,3.1630525854724543e-10,0.0000000000000000e+00,7.1145967349077178e-19
-3.7500000000000000e+00,-5.2500000000000000e+00,7.5575702663979607e-09,0.0000000000000000e+00,4.0616439702430255e-16
-3.3750000000000000e+00,-5.2500000000000000e+00,9.3923109748934096e-09,0.0000000000000000e+00,6.2731026097140044e-16
-3.0000000000000000e+00,-5.2500000000000000e+00,2.2852432489666353e-08,0.0000000000000000e+00,3.7136616582738368e-15
-2.6250000000000000e+00,-5.2500000000000000e+00,8.4470424470818411e-08,0.0000000000000000e+00,5.0739574117548360e-14
-2.2500000000000000e+00,-5.2500000000000000e+00,1.9961842096961346e-07,0.0000000000000000e+00,2.8336009948730183e-13
-1.8750000000000000e+00,-5.2500000000000000e+00,4.3084165986120428e-07,0.0000000000000000e+00,1.3199966995339210e-12
-1.5000000000000000e+00,-5.2500000000000000e+00,7.7632527281427804e-07,0.0000000000000000e+00,4.2857310521611612e-12
-1.1250000000000000e+00,-5.2500000000000000e+00,1.2459909652100872e-06,0.0000000000000000e+00,1.1039953673850060e-11
-7.5000000000000000e-01,-5.2500000000000000e+00,1.7469698731404932e-06,0.0000000000000000e+00,2.1702426578919187e-11
-3.7500000000000000e-01,-5.2500000000000000e+00,2.1353260509174230e-06,0.0000000000000000e+00,3.2423945555389134e-11
0.0000000000000000e+00,-5.2500000000000000e+00,2.2887870954551242e-06,0.0000000000000000e+00,3.7251885285844652e-11
3.7500000000000000e-01,-5.2500000000000000e+00,2.1327875419593353e-06,0.0000000000000000e+00,3.2346899193862711e-11
7.5000000000000000e-01,-5.2500000000000000e+00,1.7430089604509760e-06,0.0000000000000000e+00,2.1604126124177012e-11
1.1250000000000000e+00,-5.2500000000000000e+00,1.2425244006388843e-06,0.0000000000000000e+00,1.0978608968412577e-11
1.5000000000000000e+00,-5.2500000000000000e+00,7.7835828716045601e-07,0.0000000000000000e+00,4.3082070982496630e-12
1.8750000000000000e+00,-5.2500000000000000e+00,4.2585552037282402e-07,0.0000000000000000e+00,1.2896207945387286e-12
2.2500000000000000e+00,-5.2500000000000000e+00,1.9870569475157480e-07,0.0000000000000000e+00,2.8077477778990951e-13
2.6250000000000000e+00,-5.2500000000000000e+00,8.1143085996896652e-08,0.0000000000000000e+00,4.6820980658487223e-14
3.0000000000000000e+00,-5.2500000000000000e+00,2.7267227898850474e-08,0.0000000000000000e+00,5.2871233229358192e-15
3.3750000000000000e+00,-5.2500000000000000e+00,1.6260550895439594e-08,0.0000000000000000e+00,1.8802169985648452e-15
3.7500000000000000e+00,-5.2500000000000000e+00,3.1816217372002744e-09,0.0000000000000000e+00,7.1983764470224288e-17
4.1250000000000000e+00,-5.2500000000000000e+00,6.2750394011844301e-09,0.0000000000000000e+00,2.8000796079229902e-16
4.5000000000000000e+00,-5.2500000000000000e+00,-1.7161149688408290e-09,0.0000000000000000e+00,2.0942581946876866e-17
4.8750000000000000e+00,-5.2500000000000000e+00,1.8705369512968992e-09,0.0000000000000000e+00,2.4881127012743808e-17
5.2500000000000000e+00,-5.2500000000000000e+00,1.2740547844441161e-09,0.0000000000000000e+00,1.1542866444550707e-17
5.6250000000000000e+00,-5.2500000000000000e+00,-1.6890011640462351e-09,0.0000000000000000e+00,2.0286043961952263e-17
-6.0000000000000000e+00,-4.8750000000000000e+00,-2.1597764367373801e-09,0.0000000000000000e+00,3.3170732491989434e-17
-5.6250000000000000e+00,-4.8750000000000000e+00,-2.8523636231004125e-10,0.0000000000000000e+00,5.7855845250748526e-19
-5.2500000000000000e+00,-4.8750000000000000e+00,3.9905029188432036e-10,0.0000000000000000e+00,1.1323814076655024e-18
-4.8750000000000000e+00,-4.8750000000000000e+00,5.3785393844884884e-09,0.0000000000000000e+00,2.0571509980795597e-16
-4.5000000000000000e+00,-4.8750000000000000e+00,2.4707878394584318e-09,0.0000000000000000e+00,4.3411858116378068e-17
-4.1250000000000000e+00,-4.8750000000000000e+00,2.9040034409215618e-09,0.0000000000000000e+00,5.9969678114732593e-17
-3.7500000000000000e+00,-4.8750000000000000e+00,2.1762931776061204e-08,0.0000000000000000e+00,3.3680014185919602e-15
-3.3750000000000000e+00,-4.8750000000000000e+00,5.3463563111476495e-08,0.0000000000000000e+00,2.0326062795198793e-14
-3.0000000000000000e+00,-4.8750000000000000e+00,1.5994365333328449e-07,0.0000000000000000e+00,1.8191624705136274e-13
-2.6250000000000000e+00,-4.8750000000000000e+00,4.5031206165807014e-07,0.0000000000000000e+00,1.4419978871092732e-12
-2.2500000000000000e+00,-4.8750000000000000e+00,1.0713324975808381e-06,0.0000000000000000e+00,8.1618013893176638e-12
-1.8750000000000000e+00,-4.8750000000000000e+00,2.2474539439692369e-06,0.0000000000000000e+00,3.5918572304091575e-11
-1.5000000000000000e+00,-4.8750000000000000e+00,4.0848901071647151e-06,0.0000000000000000e+00,1.1865832666746425e-10
-1.1250000000000000e+00,-4.8750000000000000e+00,6.5012514097559737e-06,0.0000000000000000e+00,3.0056014146029534e-10
-7.5000000000000000e-01,-4.8750000000000000e+00,9.0662526694120342e-06,0.0000000000000000e+00,5.8451155531108151e-10
-3.7500000000000000e-01,-4.8750000000000000e+00,1.1084494174902258e-05,0.0000000000000000e+00,8.7371385680669934e-10
0.0000000000000000e+00,-4.8750000000000000e+00,1.1862448557080903e-05,0.0000000000000000e+00,1.0006590988045568e-09
3.7500000000000000e-01,-4.8750000000000000e+00,1.1082840670851774e-05,0.0000000000000000e+00,8.7345320771901291e-10
7.5000000000000000e-01,-4.8750000000000000e+00,9.0636891580983109e-06,0.0000000000000000e+00,5.8418105709958301e-10
1.1250000000000000e+00,-4.8750000000000000e+00,6.4973561498003808e-06,0.0000000000000000e+00,3.0020008488781391e-10
1.5000000000000000e+00,-4.8750000000000000e+00,4.0867175848072754e-06,0.0000000000000000e+00,1.1876451995003031e-10
1.8750000000000000e+00,-4.8750000000000000e+00,2.2436591577033183e-06,0.0000000000000000e+00,3.5797378957837965e-11
2.2500000000000000e+00,-4.8750000000000000e+00,1.0711779395128807e-06,0.0000000000000000e+00,8.1594465998155432e-12
2.6250000000000000e+00,-4.8750000000000000e+00,4.4760670069581699e-07,0.0000000000000000e+00,1.4247236160554289e-12
3.0000000000000000e+00,-4.8750000000000000e+00,1.6105517227819447e-07,0.0000000000000000e+00,1.8445346501375217e-13
3.3750000000000000e+00,-4.8750000000000000e+00,6.1892696590281001e-08,0.0000000000000000e+00,2.7240575226429024e-14
3.7500000000000000e+00,-4.8750000000000000e+00,1.5639919001299111e-08,0.0000000000000000e+00,1.7394280275000672e-15
4.1250000000000000e+00,-4.8750000000000000e+00,1.1145701484901711e-08,0.0000000000000000e+00,8.8338959353273027e-16
4.5000000000000000e+00,-4.8750000000000000e+00,-1.5581291029063373e-09,0.0000000000000000e+00,1.7264115920524142e-17
4.8750000000000000e+00,-4.8750000000000000e+00,1.8077599224056869e-09,0.0000000000000000e+00,2.3239082219066419e-17
5.2500000000000000e+00,-4.8750000000000000e+00,1.8116622759384273e-09,0.0000000000000000e+00,2.3339521436859751e-17
5.6250000000000000e+00,-4.8750000000000000e+00,-1.7026288058863936e-09,0.0000000000000000e+00,2.0614718937842676e-17
-6.0000000000000000e+00,-4.5000000000000000e+00,-2.0325912593066325e-09,0.0000000000000000e+00,2.9379038061580252e-17
-5.6250000000000000e+00,-4.5000000000000000e+00,-4.4563098069019517e-10,0.0000000000000000e+00,1.4121740156508806e-18
-5.2500000000000000e+00,-4.5000000000000000e+00,-3.8750434522846943e-10,0.0000000000000000e+00,1.0678017249489409e-18
-4.8750000000000000e+00,-4.5000000000000000e+00,6.7038724673979979e-09,0.0000000000000000e+00,3.1958688753164032e-16
-4.5000000000000000e+00,-4.5000000000000000e+00,5.9816654464122185e-09,0.0000000000000000e+00,2.5443784186881340e-16
-4.1250000000000000e+00,-4.5000000000000000e+00,1.7709887261957186e-08,0.0000000000000000e+00,2.2303296485776595e-15
-3.7500000000000000e+00,-4.5000000000000000e+00,8.3127762258537271e-08,0.0000000000000000e+00,4.9139376768795683e-14
-3.3750000000000000e+00,-4.5000000000000000e+00,2.6559098239160774e-07,0.0000000000000000e+00,5.0160760837503502e-13
-3.0000000000000000e+00,-4.5000000000000000e+00,8.0874855535097788e-07,0.0000000000000000e+00,4.6511944944518664e-12
-2.6250000000000000e+00,-4.5000000000000000e+00,2.1595894538717686e-06,0.0000000000000000e+00,3.3164989221505161e-11
-2.2500000000000000e+00,-4.5000000000000000e+00,5.0876871109399157e-06,0.0000000000000000e+00,1.8406798320941615e-10
-1.8750000000000000e+00,-4.5000000000000000e+00,1.0523581201551256e-05,0.0000000000000000e+00,7.8752541372901674e-10
-1.5000000000000000e+00,-4.5000000000000000e+00,1.9090815396554413e-05,0.0000000000000000e+00,2.5917100978156021e-09
-1.1250000000000000e+00,-4.5000000000000000e+00,3.0336560841319816e-05,0.0000000000000000e+00,6.5444047906069246e-09
-7.5000000000000000e-01,-4.5000000000000000e+00,4.2219620240069350e-05,0.0000000000000000e+00,1.2675529480644789e-08
-3.7500000000000000e-01,-4.5000000000000000e+00,5.1472172685937684e-05,0.0000000000000000e+00,1.8840067989411480e-08
0.0000000000000000e+00,-4.5000000000000000e+00,5.4982430699882012e-05,0.0000000000000000e+00,2.1497370209189887e-08
3.7500000000000000e-01,-4.5000000000000000e+00,5.1473582713080174e-05,0.0000000000000000e+00,1.8841100212055511e-08
7.5000000000000000e-01,-4.5000000000000000e+00,4.2222042722868778e-05,0.0000000000000000e+00,1.2676984118696934e-08
1.1250000000000000e+00,-4.5000000000000000e+00,3.0334065432641772e-05,0.0000000000000000e+00,6.5433281825549683e-09
1.5000000000000000e+00,-4.5000000000000000e+00,1.9091022670945478e-05,0.0000000000000000e+00,2.5917663759826076e-09
1.8750000000000000e+00,-4.5000000000000000e+00,1.0525019623381108e-05,0.0000000000000000e+00,7.8774071518263030e-10
2.2500000000000000e+00,-4.5000000000000000e+00,5.0893127390459628e-06,0.0000000000000000e+00,1.8418562955246593e-10
2.6250000000000000e+00,-4.5000000000000000e+00,2.1600065364858560e-06,0.0000000000000000e+00,3.3177800801149321e-11
3.0000000000000000e+00,-4.5000000000000000e+00,8.0129100457103154e-07,0.0000000000000000e+00,4.5658117262681092e-12
3.3750000000000000e+00,-4.5000000000000000e+00,2.7215392886448020e-07,0.0000000000000000e+00,5.2670407819642702e-13
3.7500000000000000e+00,-4.5000000000000000e+00,7.6681725040240556e-08,0.0000000000000000e+00,4.1813951681045729e-14
4.1250000000000000e+00,-4.5000000000000000e+00,2.6378926319507373e-08,0.0000000000000000e+00,4.9482506934755466e-15
4.5000000000000000e+00,-4.5000000000000000e+00,2.3678911017770910e-09,0.0000000000000000e+00,3.9871347696889783e-17
4.8750000000000000e+00,-4.5000000000000000e+00,6.6110304689379056e-10,0.0000000000000000e+00,3.1079625856871356e-18
5.2500000000000000e+00,-4.5000000000000000e+00,1.9105463087947764e-09,0.0000000000000000e+00,2.5956886741684233e-17
5.6250000000000000e+00,-4.5000000000000000e+00,-4.2885353778457858e-10,0.0000000000000000e+00,1.3078425377447037e-18
-6.0000000000000000e+00,-4.1250000000000000e+00,-7.5407590373700119e-10,0.0000000000000000e+00,4.0435944433548445e-18
-5.6250000000000000e+00,-4.1250000000000000e+00,-8.0284169029140060e-10,0.0000000000000000e+00,4.5835006554307780e-18
-5.2500000000000000e+00,-4.1250000000000000e+00,-1.6096266048113100e-09,0.0000000000000000e+00,1.8424162182516515e-17
-4.8750000000000000e+00,-4.1250000000000000e+00,8.5988580239821704e-09,0.0000000000000000e+00,5.2579811069584043e-16
-4.5000000000000000e+00,-4.1250000000000000e+00,2.0696899842787910e-08,0.0000000000000000e+00,3.0461273820614700e-15
-4.1250000000000000e+00,-4.1250000000000000e+00,8.2621451126424211e-08,0.0000000000000000e+00,4.8542607546567855e-14
-3.7500000000000000e+00,-4.1250000000000000e+00,3.3529018510738680e-07,0.0000000000000000e+00,7.9942761407534729e-13
-3.3750000000000000e+00,-4.1250000000000000e+00,1.1382074785192053e-06,0.0000000000000000e+00,9.2125601006723372e-12
-3.0000000000000000e+00,-4.1250000000000000e+00,3.4435907920366397e-06,0.0000000000000000e+00,8.4325813639107776e-11
-2.6250000000000000e+00,-4.1250000000000000e+00,9.1570394864776631e-06,0.0000000000000000e+00,5.9627642422692334e-10
-2.2500000000000000e+00,-4.1250000000000000e+00,2.1468865900870678e-05,0.0000000000000000e+00,3.2775978884947040e-09
-1.8750000000000000e+00,-4.1250000000000000e+00,4.4170864395292911e-05,0.0000000000000000e+00,1.3874241859038969e-08
-1.5000000000000000e+00,-4.1250000000000000e+00,7.9719964627998925e-05,0.0000000000000000e+00,4.5193050739835729e-08
-1.1250000000000000e+00,-4.1250000000000000e+00,1.2608434397364340e-04,0.0000000000000000e+00,1.1304719498854420e-07
-7.5000000000000000e-01,-4.1250000000000000e+00,1.7480184685188612e-04,0.0000000000000000e+00,2.1728487582457067e-07
-3.7500000000000000e-01,-4.1250000000000000e+00,2.1256844048215230e-04,0.0000000000000000e+00,3.2131798676632407e-07
0.0000000000000000e+00,-4.1250000000000000e+00,2.2686676292161579e-04,0.0000000000000000e+00,3.6599842217623205e-07
3.7500000000000000e-01,-4.1250000000000000e+00,2.1257259439163952e-04,0.0000000000000000e+00,3.2133054496990216e-07
7.5000000000000000e-01,-4.1250000000000000e+00,1.7480565828330557e-04,0.0000000000000000e+00,2.1729435141589187e-07
1.1250000000000000e+00,-4.1250000000000000e+00,1.2608547337562156e-04,0.0000000000000000e+00,1.1304922024074364e-07
1.5000000000000000e+00,-4.1250000000000000e+00,7.9718000504381108e-05,0.0000000000000000e+00,4.5190823853628492e-08
1.8750000000000000e+00,-4.1250000000000000e+00,4.4176685475987006e-05,0.0000000000000000e+00,1.3877898948581556e-08
2.2500000000000000e+00,-4.1250000000000000e+00,2.1470413005899570e-05,0.0000000000000000e+00,3.2780702908010767e-09
2.6250000000000000e+00,-4.1250000000000000e+00,9.1593943254289209e-06,0.0000000000000000e+00,5.9658314246186326e-10
3.0000000000000000e+00,-4.1250000000000000e+00,3.4323983119219109e-06,0.0000000000000000e+00,8.3778546998644511e-11
3.3750000000000000e+00,-4.1250000000000000e+00,1.1390012489154930e-06,0.0000000000000000e+00,9.2254140091097100e-12
3.7500000000000000e+00,-4.1250000000000000e+00,3.3109315405364004e-07,0.0000000000000000e+00,7.7953903403511053e-13
4.1250000000000000e+00,-4.1250000000000000e+00,8.8871237599338823e-08,0.0000000000000000e+00,5.6164244426226732e-14
4.5000000000000000e+00,-4.1250000000000000e+00,1.9239753101744899e-08,0.0000000000000000e+00,2.6323064847367285e-15
4.8750000000000000e+00,-4.1250000000000000e+00,4.8077732044710717e-10,0.0000000000000000e+00,1.6437108043114693e-18
5.2500000000000000e+00,-4.1250000000000000e+00,1.1328280630832439e-09,0.0000000000000000e+00,9.1256847680635312e-18
5.6250000000000000e+00,-4.1250000000000000e+00,2.0272615422074569e-09,0.0000000000000000e+00,2.9225168785872756e-17
-6.0000000000000000e+00,-3.7500000000000000e+00,1.8032952366354088e-09,0.0000000000000000e+00,2.3124435274467238e-17
-5.6250000000000000e+00,-3.7500000000000000e+00,-1.3654774363044971e-09,0.0000000000000000e+00,1.3258870251069879e-17
-5.2500000000000000e+00,-3.7500000000000000e+00,-1.7339318235059699e-09,0.0000000000000000e+00,2.1379694709807915e-17
-4.8750000000000000e+00,-3.7500000000000000e+00,1.7277224012305127e-08,0.0000000000000000e+00,2.1226842280630961e-15
-4.5000000000000000e+00,-3.7500000000000000e+00,7.7235755614957251e-08,0.0000000000000000e+00,4.2420351611828626e-14
-4.1250000000000000e+00,-3.7500000000000000e+00,3.2775186588730444e-07,0.0000000000000000e+00,7.6388469754744600e-13
-3.7500000000000000e+00,-3.7500000000000000e+00,1.2715745178582983e-06,0.0000000000000000e+00,1.1497968031762232e-11
-3.3750000000000000e+00,-3.7500000000000000e+00,4.3355662059296243e-06,0.0000000000000000e+00,1.3366851076265954e-10
-3.0000000000000000e+00,-3.7500000000000000e+00,1.3028062653118099e-05,0.0000000000000000e+00,1.2069718506209465e-09
-2.6250000000000000e+00,-3.7500000000000000e+00,3.4524535224215361e-05,0.0000000000000000e+00,8.4760428974086199e-09
-2.2500000000000000e+00,-3.7500000000000000e+00,8.0455613613588124e-05,0.0000000000000000e+00,4.6030974307121681e-08
-1.8750000000000000e+00,-3.7500000000000000e+00,1.6452324036827061e-04,0.0000000000000000e+00,1.9248282041796089e-07
-1.5000000000000000e+00,-3.7500000000000000e+00,2.9498078809964872e-04,0.0000000000000000e+00,6.1876384247388341e-07
-1.1250000000000000e+00,-3.7500000000000000e+00,4.6370360428030021e-04,0.0000000000000000e+00,1.5290384542047379e-06
-7.5000000000000000e-01,-3.7500000000000000e+00,6.3966214933870247e-04,0.0000000000000000e+00,2.9096367309981048e-06
-3.7500000000000000e-01,-3.7500000000000000e+00,7.7529481735459334e-04,0.0000000000000000e+00,4.2743612715867896e-06
0.0000000000000000e+00,-3.7500000000000000e+00,8.2650831419696879e-04,0.0000000000000000e+00,4.8577137311055302e-06
3.7500000000000000e-01,-3.7500000000000000e+00,7.7529728987799855e-04,0.0000000000000000e+00,4.2743885346998705e-06
7.5000000000000000e-01,-3.7500000000000000e+00,6.3966072480365764e-04,0.0000000000000000e+00,2.9096237714228668e-06
1.1250000000000000e+00,-3.7500000000000000e+00,4.6370743163623803e-04,0.0000000000000000e+00,1.5290636953221432e-06
1.5000000000000000e+00,-3.7500000000000000e+00,2.9497865495616135e-04,0.0000000000000000e+00,6.1875489336708329e-07
1.8750000000000000e+00,-3.7500000000000000e+00,1.6452685800684690e-04,0.0000000000000000e+00,1.9249128537319226e-07
2.2500000000000000e+00,-3.7500000000000000e+00,8.0453899458339173e-05,0.0000000000000000e+00,4.6029012892818121e-08
2.6250000000000000e+00,-3.7500000000000000e+00,3.4524768321079444e-05,0.0000000000000000e+00,8.4761573519943877e-09
3.0000000000000000e+00,-3.7500000000000000e+00,1.3025709527587948e-05,0.0000000000000000e+00,1.2065358840682342e-09
3.3750000000000000e+00,-3.7500000000000000e+00,4.3291555628491035e-06,0.0000000000000000e+00,1.3327351386558108e-10
3.7500000000000000e+00,-3.7500000000000000e+00,1.2725422399238151e-06,0.0000000000000000e+00,1.1515475572553391e-11
4.1250000000000000e+00,-3.7500000000000000e+00,3.2912743347126789e-07,0.0000000000000000e+00,7.7031016862850752e-13
4.5000000000000000e+00,-3.7500000000000000e+00,7.9098280201413087e-08,0.0000000000000000e+00,4.4490936396951170e-14
4.8750000000000000e+00,-3.7500000000000000e+00,9.0862516598365980e-09,0.0000000000000000e+00,5.8709311449517041e-16
5.2500000000000000e+00,-3.7500000000000000e+00,2.1992791073430046e-10,0.0000000000000000e+00,3.4395225543078706e-19
5.6250000000000000e+00,-3.7500000000000000e+00,4.6986883463404400e-09,0.0000000000000000e+00,1.5699677991847438e-16
-6.0000000000000000e+00,-3.3750000000000000e+00,4.9393055109081079e-09,0.0000000000000000e+00,1.7348792128062012e-16
-5.6250000000000000e+00,-3.3750000000000000e+00,-1.4830974430133501e-09,0.0000000000000000e+00,1.5641443736695018e-17
-5.2500000000000000e+00,-3.3750000000000000e+00,3.7781163919536038e-09,0.0000000000000000e+00,1.0150516246150057e-16
-4.8750000000000000e+00,-3.3750000000000000e+00,5.3164399819975483e-08,0.0000000000000000e+00,2.0099224236218376e-14
-4.5000000000000000e+00,-3.3750000000000000e+00,2.6516225154222035e-07,0.0000000000000000e+00,4.9998947301646034e-13
-4.1250000000000000e+00,-3.3750000000000000e+00,1.1323341119566427e-06,0.0000000000000000e+00,9.1177282922712076e-12
-3.7500000000000000e+00,-3.3750000000000000e+00,4.3262865793194459e-06,0.0000000000000000e+00,1.3309692847217459e-10
-3.3750000000000000e+00,-3.3750000000000000e+00,1.4656184224939987e-05,0.0000000000000000e+00,1.5274932340293669e-09
-3.0000000000000000e+00,-3.3750000000000000e+00,4.3781606523897756e-05,0.0000000000000000e+00,1.3630784496450893e-08
-2.6250000000000000e+00,-3.3750000000000000e+00,1.1528490615682032e-04,0.0000000000000000e+00,9.4511001511728836e-08
-2.2500000000000000e+00,-3.3750000000000000e+00,2.6665129804848191e-04,0.0000000000000000e+00,5.0562072711779792e-07
-1.8750000000000000e+00,-3.3750000000000000e+00,5.4091438855867035e-04,0.0000000000000000e+00,2.0806284497763572e-06
-1.5000000000000000e+00,-3.3750000000000000e+00,9.6173730134303001e-04,0.0000000000000000e+00,6.5773414172058598e-06
-1.1250000000000000e+00,-3.3750000000000000e+00,1.4998482241186310e-03,0.0000000000000000e+00,1.5996762278341767e-05
-7.5000000000000000e-01,-3.3750000000000000e+00,2.0552349910955381e-03,0.0000000000000000e+00,3.0037268399100278e-05
-3.7500000000000000e-01,-3.3750000000000000e+00,2.4799035099615473e-03,0.0000000000000000e+00,4.3732774533117168e-05
0.0000000000000000e+00,-3.3750000000000000e+00,2.6395467181636514e-03,0.0000000000000000e+00,4.9544582239064909e-05
3.7500000000000000e-01,-3.3750000000000000e+00,2.4798995592081614e-03,0.0000000000000000e+00,4.3732635191188141e-05
7.5000000000000000e-01,-3.3750000000000000e+00,2.0552302781931351e-03,0.0000000000000000e+00,3.0037130641079688e-05
1.1250000000000000e+00,-3.3750000000000000e+00,1.4998490446211281e-03,0.0000000000000000e+00,1.5996779780628700e-05
1.5000000000000000e+00,-3.3750000000000000e+00,9.6173867051976109e-04,0.0000000000000000e+00,6.5773601448755027e-06
1.8750000000000000e+00,-3.3750000000000000e+00,5.4091067807982701e-04,0.0000000000000000e+00,2.0805999051433121e-06
2.2500000000000000e+00,-3.3750000000000000e+00,2.6664718473261745e-04,0.0000000000000000e+00,5.0560512800590662e-07
2.6250000000000000e+00,-3.3750000000000000e+00,1.1528202047751211e-04,0.0000000000000000e+00,9.4506270189351277e-08
3.0000000000000000e+00,-3.3750000000000000e+00,4.3791998780878371e-05,0.0000000000000000e+00,1.3637256229151662e-08
3.3750000000000000e+00,-3.3750000000000000e+00,1.4646987547114750e-05,0.0000000000000000e+00,1.5255768476823794e-09
3.7500000000000000e+00,-3.3750000000000000e+00,4.3333240567591140e-06,0.0000000000000000e+00,1.3353029248630945e-10
4.1250000000000000e+00,-3.3750000000000000e+00,1.1292127490848425e-06,0.0000000000000000e+00,9.0675301880586494e-12
4.5000000000000000e+00,-3.3750000000000000e+00,2.6953238950614633e-07,0.0000000000000000e+00,5.1660593061612785e-13
4.8750000000000000e+00,-3.3750000000000000e+00,4.7525575961786256e-08,0.0000000000000000e+00,1.6061727079107667e-14
5.2500000000000000e+00,-3.3750000000000000e+00,3.6281766786363405e-09,0.0000000000000000e+00,9.3608291636626677e-17
5.6250000000000000e+00,-3.3750000000000000e+00,6.3182377798377493e-09,0.0000000000000000e+00,2.8387647034715770e-16
-6.0000000000000000e+00,-3.0000000000000000e+00,7.4628645998989767e-09,0.0000000000000000e+00,3.9604869714791332e-16
-5.6250000000000000e+00,-3.0000000000000000e+00,9.7414911586559868e-10,0.0000000000000000e+00,6.7482062218078412e-18
-5.2500000000000000e+00,-3.0000000000000000e+00,2.4910379151810133e-08,0.0000000000000000e+00,4.4126363696848845e-15
-4.8750000000000000e+00,-3.0000000000000000e+00,1.6615181711797839e-07,0.0000000000000000e+00,1.9631236502475475e-13
-4.5000000000000000e+00,-3.0000000000000000e+00,8.0643164552481456e-07,0.0000000000000000e+00,4.6245831033163386e-12
-4.1250000000000000e+00,-3.0000000000000000e+00,3.4334730854610666e-06,0.0000000000000000e+00,8.3831021714386042e-11
-3.7500000000000000e+00,-3.0000000000000000e+00,1.3021790853282216e-05,0.0000000000000000e+00,1.2058100410782179e-09
-3.3750000000000000e+00,-3.0000000000000000e+00,4.3793068524280846e-05,0.0000000000000000e+00,1.3637922494381211e-08
-3.0000000000000000e+00,-3.0000000000000000e+00,1.2997275691311653e-04,0.0000000000000000e+00,1.2012741361490546e-07
-2.6250000000000000e+00,-3.0000000000000000e+00,3.3946021687240852e-04,0.0000000000000000e+00,8.1943636507777873e-07
-2.2500000000000000e+00,-3.0000000000000000e+00,7.7796812134552887e-04,0.0000000000000000e+00,4.3038890512347846e-06
-1.8750000000000000e+00,-3.0000000000000000e+00,1.5619492929949338e-03,0.0000000000000000e+00,1.7348875334310214e-05
-1.5000000000000000e+00,-3.0000000000000000e+00,2.7469226065107832e-03,0.0000000000000000e+00,5.3657484843804405e-05
-1.1250000000000000e+00,-3.0000000000000000e+00,4.2383684153143438e-03,0.0000000000000000e+00,1.2774234185908780e-04
-7.5000000000000000e-01,-3.0000000000000000e+00,5.7548986890117596e-03,0.0000000000000000e+00,2.3551188565894591e-04
-3.7500000000000000e-01,-3.0000000000000000e+00,6.9009045066386237e-03,0.0000000000000000e+00,3.3864876806929966e-04
0.0000000000000000e+00,-3.0000000000000000e+00,7.3288925756963596e-03,0.0000000000000000e+00,3.8195673874558025e-04
3.7500000000000000e-01,-3.0000000000000000e+00,6.9008994023116964e-03,0.0000000000000000e+00,3.3864826709920662e-04
7.5000000000000000e-01,-3.0000000000000000e+00,5.7549006352711684e-03,0.0000000000000000e+00,2.3551204495533866e-04
1.1250000000000000e+00,-3.0000000000000000e+00,4.2383648461451623e-03,0.0000000000000000e+00,1.2774212671316698e-04
1.5000000000000000e+00,-3.0000000000000000e+00,2.7469261940655395e-03,0.0000000000000000e+00,5.3657625000130769e-05
1.8750000000000000e+00,-3.0000000000000000e+00,1.5619458608283870e-03,0.0000000000000000e+00,1.7348799090907953e-05
2.2500000000000000e+00,-3.0000000000000000e+00,7.7796855212705531e-04,0.0000000000000000e+00,4.3038938175905195e-06
2.6250000000000000e+00,-3.0000000000000000e+00,3.3946035689817598e-04,0.0000000000000000e+00,8.1943704110532987e-07
3.0000000000000000e+00,-3.0000000000000000e+00,1.2997816253287612e-04,0.0000000000000000e+00,1.2013740611856188e-07
3.3750000000000000e+00,-3.0000000000000000e+00,4.3789642618221138e-05,0.0000000000000000e+00,1.3635788804490872e-08
3.7500000000000000e+00,-3.0000000000000000e+00,1.3031216623336625e-05,0.0000000000000000e+00,1.2075563141996429e-09
4.1250000000000000e+00,-3.0000000000000000e+00,3.4297320366146826e-06,0.0000000000000000e+00,8.3648439772310026e-11
4.5000000000000000e+00,-3.0000000000000000e+00,8.1058373066872402e-07,0.0000000000000000e+00,4.6723270003543217e-12
4.8750000000000000e+00,-3.0000000000000000e+00,1.6353023543511261e-07,0.0000000000000000e+00,1.9016631396596168e-13
5.2500000000000000e+00,-3.0000000000000000e+00,2.2830899550575481e-08,0.0000000000000000e+00,3.7066664838291038e-15
5.6250000000000000e+00,-3.0000000000000000e+00,7.8118748780044905e-09,0.0000000000000000e+00,4.3395832255713903e-16
-6.0000000000000000e+00,-2.6250000000000000e+00,9.2214062851018642e-09,0.0000000000000000e+00,6.0468859644384830e-16
-5.6250000000000000e+00,-2.6250000000000000e+00,1.0169192347494325e-08,0.0000000000000000e+00,7.3537758578017532e-16
-5.2500000000000000e+00,-2.6250000000000000e+00,8.0433900109906388e-08,0.0000000000000000e+00,4.6006131817887282e-14
-4.8750000000000000e+00,-2.6250000000000000e+00,4.5548356751582318e-07,0.0000000000000000e+00,1.4753086597471392e-12
-4.5000000000000000e+00,-2.6250000000000000e+00,2.1602125162761575e-06,0.0000000000000000e+00,3.3184128821163863e-11
-4.1250000000000000e+00,-2.6250000000000000e+00,9.1568337750801788e-06,0.0000000000000000e+00,5.9624963402274929e-10
-3.7500000000000000e+00,-2.6250000000000000e+00,3.4526300591122144e-05,0.0000000000000000e+00,8.4769097422828174e-09
-3.3750000000000000e+00,-2.6250000000000000e+00,1.1528294304600679e-04,0.0000000000000000e+00,9.4507782807814003e-08
-3.0000000000000000e+00,-2.6250000000000000e+00,3.3946593429428333e-04,0.0000000000000000e+00,8.1946396832917818e-07
-2.6250000000000000e+00,-2.6250000000000000e+00,8.7809563867703093e-04,0.0000000000000000e+00,5.4830360936079852e-06
-2.2500000000000000e+00,-2.6250000000000000e+00,1.9895463516349404e-03,0.0000000000000000e+00,2.8147873317716636e-05
-1.8750000000000000e+00,-2.6250000000000000e+00,3.9419479616771402e-03,0.0000000000000000e+00,1.1049922654272398e-04
-1.5000000000000000e+00,-2.6250000000000000e+00,6.8324253884403221e-03,0.0000000000000000e+00,3.3196114978562767e-04
-1.1250000000000000e+00,-2.6250000000000000e+00,1.0388537678168195e-02,0.0000000000000000e+00,7.6744330731178824e-04
-7.5000000000000000e-01,-2.6250000000000000e+00,1.3924808319130294e-02,0.0000000000000000e+00,1.3788464833743661e-03
-3.7500000000000000e-01,-2.6250000000000000e+00,1.6549229549511529e-02,0.0000000000000000e+00,1.9475697684083594e-03
0.0000000000000000e+00,-2.6250000000000000e+00,1.7519427553779499e-02,0.0000000000000000e+00,2.1826157639973569e-03
3.7500000000000000e-01,-2.6250000000000000e+00,1.6549233882545408e-02,0.0000000000000000e+00,1.9475707882608993e-03
7.5000000000000000e-01,-2.6250000000000000e+00,1.3924808676653690e-02,0.0000000000000000e+00,1.3788465541789148e-03
1.1250000000000000e+00,-2.6250000000000000e+00,1.0388539347073435e-02,0.0000000000000000e+00,7.6744355388937201e-04
1.5000000000000000e+00,-2.6250000000000000e+00,6.8324240062025794e-03,0.0000000000000000e+00,3.3196101547045904e-04
1.8750000000000000e+00,-2.6250000000000000e+00,3.9419546797098397e-03,0.0000000000000000e+00,1.1049960317785818e-04
2.2500000000000000e+00,-2.6250000000000000e+00,1.9895521736630790e-03,0.0000000000000000e+00,2.8148038056728764e-05
2.6250000000000000e+00,-2.6250000000000000e+00,8.7809883694573712e-04,0.0000000000000000e+00,5.4830760351676893e-06
3.0000000000000000e+00,-2.6250000000000000e+00,3.3945697272720193e-04,0.0000000000000000e+00,8.1942070281327156e-07
3.3750000000000000e+00,-2.6250000000000000e+00,1.1528925608000132e-04,0.0000000000000000e+00,9.4518133813191975e-08
3.7500000000000000e+00,-2.6250000000000000e+00,3.4530170234217195e-05,0.0000000000000000e+00,8.4788100010952483e-09
4.1250000000000000e+00,-2.6250000000000000e+00,9.1566662982395946e-06,0.0000000000000000e+00,5.9622782362536391e-10
4.5000000000000000e+00,-2.6250000000000000e+00,2.1619327046534284e-06,0.0000000000000000e+00,3.3236999249422852e-11
4.8750000000000000e+00,-2.6250000000000000e+00,4.5250735120791895e-07,0.0000000000000000e+00,1.4560917539356936e-12
5.2500000000000000e+00,-2.6250000000000000e+00,7.8765942715930187e-08,0.0000000000000000e+00,4.4117857649274278e-14
5.6250000000000000e+00,-2.6250000000000000e+00,1.4643197832745822e-08,0.0000000000000000e+00,1.5247875041346270e-15
-6.0000000000000000e+00,-2.2500000000000000e+00,1.2942646565487046e-08,0.0000000000000000e+00,1.1911971564025856e-15
-5.6250000000000000e+00,-2.2500000000000000e+00,3.2028470073291523e-08,0.0000000000000000e+00,7.2947405883429738e-15
-5.2500000000000000e+00,-2.2500000000000000e+00,2.0055331194364410e-07,0.0000000000000000e+00,2.8602048662445952e-13
-4.8750000000000000e+00,-2.2500000000000000e+00,1.0819022384434053e-06,0.0000000000000000e+00,8.3236441141251625e-12
-4.5000000000000000e+00,-2.2500000000000000e+00,5.0891487347996102e-06,0.0000000000000000e+00,1.8417375889715534e-10
-4.1250000000000000e+00,-2.2500000000000000e+00,2.1467816436173167e-05,0.0000000000000000e+00,3.2772774580425014e-09
-3.7500000000000000e+00,-2.2500000000000000e+00,8.0460868393256770e-05,0.0000000000000000e+00,4.6036987325134129e-08
-3.3750000000000000e+00,-2.2500000000000000e+00,2.6664948392423157e-04,0.0000000000000000e+00,5.0561384730353089e-07
-3.0000000000000000e+00,-2.2500000000000000e+00,7.7796626599611982e-04,0.0000000000000000e+00,4.3038685228653894e-06
-2.6250000000000000e+00,-2.2500000000000000e+00,1.9895424013011815e-03,0.0000000000000000e+00,2.8147761540090821e-05
-2.2500000000000000e+00,-2.2500000000000000e+00,4.4446553962470547e-03,0.0000000000000000e+00,1.4047972687209289e-04
-1.8750000000000000e+00,-2.2500000000000000e+00,8.6578996449276913e-03,0.0000000000000000e+00,5.3304338674943323e-04
-1.5000000000000000e+00,-2.2500000000000000e+00,1.4716667338139540e-02,0.0000000000000000e+00,1.5401265602948489e-03
-1.1250000000000000e+00,-2.2500000000000000e+00,2.1924676924266823e-02,0.0000000000000000e+00,3.4182503696602888e-03
-7.5000000000000000e-01,-2.2500000000000000e+00,2.8852829381423563e-02,0.0000000000000000e+00,5.9198987613407203e-03
-3.7500000000000000e-01,-2.2500000000000000e+00,3.3851423010788362e-02,0.0000000000000000e+00,8.1487561945268044e-03
0.0000000000000000e+00,-2.2500000000000000e+00,3.5669812716266305e-02,0.0000000000000000e+00,9.0477193899627609e-03
3.7500000000000000e-01,-2.2500000000000000e+00,3.3851423631846157e-02,0.0000000000000000e+00,8.1487564935303989e-03
7.5000000000000000e-01,-2.2500000000000000e+00,2.8852817817573231e-02,0.0000000000000000e+00,5.9198940161000625e-03
1.1250000000000000e+00,-2.2500000000000000e+00,2.1924678467305187e-02,0.0000000000000000e+00,3.4182508508068675e-03
1.5000000000000000e+00,-2.2500000000000000e+00,1.4716665165180673e-02,0.0000000000000000e+00,1.5401261054865229e-03
1.8750000000000000e+00,-2.2500000000000000e+00,8.6579043052735071e-03,0.0000000000000000e+00,5.3304396059927848e-04
2.2500000000000000e+00,-2.2500000000000000e+00,4.4446560740992735e-03,0.0000000000000000e+00,1.4047976972108493e-04
2.6250000000000000e+00,-2.2500000000000000e+00,1.9895356076681252e-03,0.0000000000000000e+00,2.8147569309720009e-05
3.0000000000000000e+00,-2.2500000000000000e+00,7.7796667933346139e-04,0.0000000000000000e+00,4.3038730962000550e-06
3.3750000000000000e+00,-2.2500000000000000e+00,2.6665799326932590e-04,0.0000000000000000e+00,5.0564611821812526e-07
3.7500000000000000e+00,-2.2500000000000000e+00,8.0453709823460979e-05,0.0000000000000000e+00,4.6028795906543370e-08
4.1250000000000000e+00,-2.2500000000000000e+00,2.1471208110956190e-05,0.0000000000000000e+00,3.2783130861794909e-09
4.5000000000000000e+00,-2.2500000000000000e+00,5.0892727141558503e-06,0.0000000000000000e+00,1.8418273250880893e-10
4.8750000000000000e+00,-2.2500000000000000e+00,1.0746070105909322e-06,0.0000000000000000e+00,8.2117705046128334e-12
5.2500000000000000e+00,-2.2500000000000000e+00,2.0178743376482698e-07,0.0000000000000000e+00,2.8955141991391600e-13
5.6250000000000000e+00,-2.2500000000000000e+00,3.5444504090759975e-08,0.0000000000000000e+00,8.9337804105948490e-15
-6.0000000000000000e+00,-1.8750000000000000e+00,2.3680379571341219e-08,0.0000000000000000e+00,3.9876293450154275e-15
-5.6250000000000000e+00,-1.8750000000000000e+00,7.2783653573074391e-08,0.0000000000000000e+00,3.7670828284055497e-14
-5.2500000000000000e+00,-1.8750000000000000e+00,4.2329097264986184e-07,0.0000000000000000e+00,1.2741350935243811e-12
-4.8750000000000000e+00,-1.8750000000000000e+00,2.2424050339160562e-06,0.0000000000000000e+00,3.5757371279161387e-11
-4.5000000000000000e+00,-1.8750000000000000e+00,1.0526957378557239e-05,0.0000000000000000e+00,7.8803080284416496e-10
-4.1250000000000000e+00,-1.8750000000000000e+00,4.4180278690214265e-05,0.0000000000000000e+00,1.3880156623253339e-08
-3.7500000000000000e+00,-1.8750000000000000e+00,1.6453114145099446e-04,0.0000000000000000e+00,1.9250130849541082e-07
-3.3750000000000000e+00,-1.8750000000000000e+00,5.4090745533179742e-04,0.0000000000000000e+00,2.0805751127717008e-06
-3.0000000000000000e+00,-1.8750000000000000e+00,1.5619447311922322e-03,0.0000000000000000e+00,1.7348773996794131e-05
-2.6250000000000000e+00,-1.8750000000000000e+00,3.9419535067019206e-03,0.0000000000000000e+00,1.1049953741510803e-04
-2.2500000000000000e+00,-1.8750000000000000e+00,8.6579024214591353e-03,0.0000000000000000e+00,5.3304372863650104e-04
-1.8750000000000000e+00,-1.8750000000000000e+00,1.6506907219768621e-02,0.0000000000000000e+00,1.9376212335079071e-03
-1.5000000000000000e+00,-1.8750000000000000e+00,2.7347741479414558e-02,0.0000000000000000e+00,5.3183926330658956e-03
-1.1250000000000000e+00,-1.8750000000000000e+00,3.9635044310490579e-02,0.0000000000000000e+00,1.1171105688850144e-02
-7.5000000000000000e-01,-1.8750000000000000e+00,5.0868829407086084e-02,0.0000000000000000e+00,1.8400979948424719e-02
-3.7500000000000000e-01,-1.8750000000000000e+00,5.8643318299398395e-02,0.0000000000000000e+00,2.4455386888281277e-02
0.0000000000000000e+00,-1.8750000000000000e+00,6.1405413927597560e-02,0.0000000000000000e+00,2.6813332335072656e-02
3.7500000000000000e-01,-1.8750000000000000e+00,5.8643310152149165e-02,0.0000000000000000e+00,2.4455380093163816e-02
7.5000000000000000e-01,-1.8750000000000000e+00,5.0868832469608216e-02,0.0000000000000000e+00,1.8400982164060924e-02
1.1250000000000000e+00,-1.8750000000000000e+00,3.9635039467282709e-02,0.0000000000000000e+00,1.1171102958741746e-02
1.5000000000000000e+00,-1.8750000000000000e+00,2.7347741035273640e-02,0.0000000000000000e+00,5.3183924603192158e-03
1.8750000000000000e+00,-1.8750000000000000e+00,1.6506908827423467e-02,0.0000000000000000e+00,1.9376216109288590e-03
2.2500000000000000e+00,-1.8750000000000000e+00,8.6579010751262429e-03,0.0000000000000000e+00,5.3304356285633530e-04
2.6250000000000000e+00,-1.8750000000000000e+00,3.9419475397052886e-03,0.0000000000000000e+00,1.1049920288560766e-04
3.0000000000000000e+00,-1.8750000000000000e+00,1.5619469465206954e-03,0.0000000000000000e+00,1.7348823208855636e-05
3.3750000000000000e+00,-1.8750000000000000e+00,5.4090675885635944e-04,0.0000000000000000e+00,2.0805697548550529e-06
3.7500000000000000e+00,-1.8750000000000000e+00,1.6451891929663480e-04,0.0000000000000000e+00,1.9247270973534317e-07
4.1250000000000000e+00,-1.8750000000000000e+00,4.4183440488054262e-05,0.0000000000000000e+00,1.3882143383903521e-08
4.5000000000000000e+00,-1.8750000000000000e+00,1.0527982312305373e-05,0.0000000000000000e+00,7.8818426004063857e-10
4.8750000000000000e+00,-1.8750000000000000e+00,2.2328828777941716e-06,0.0000000000000000e+00,3.5454335615618714e-11
5.2500000000000000e+00,-1.8750000000000000e+00,4.2662450914021560e-07,0.0000000000000000e+00,1.2942824661271460e-12
5.6250000000000000e+00,-1.8750000000000000e+00,7.6410060330519932e-08,0.0000000000000000e+00,4.1518203162408504e-14
-6.0000000000000000e+00,-1.5000000000000000e+00,4.4316388501273168e-08,0.0000000000000000e+00,1.3965811838547744e-14
-5.6250000000000000e+00,-1.5000000000000000e+00,1.3614674277025468e-07,0.0000000000000000e+00,1.3181109736497703e-13
-5.2500000000000000e+00,-1.5000000000000000e+00,7.7648365596720755e-07,0.0000000000000000e+00,4.2874799501098718e-12
-4.8750000000000000e+00,-1.5000000000000000e+00,4.0737215949611857e-06,0.0000000000000000e+00,1.1801036539202207e-10
-4.5000000000000000e+00,-1.5000000000000000e+00,1.9093459959700320e-05,0.0000000000000000e+00,2.5924281829879423e-09
-4.1250000000000000e+00,-1.5000000000000000e+00,7.9722947398767977e-05,0.0000000000000000e+00,4.5196432653843382e-08
-3.7500000000000000e+00,-1.5000000000000000e+00,2.9497392022626435e-04,0.0000000000000000e+00,6.1873503014151508e-07
-3.3750000000000000e+00,-1.5000000000000000e+00,9.6173593259661345e-04,0.0000000000000000e+00,6.5773226954487305e-06
-3.0000000000000000e+00,-1.5000000000000000e+00,2.7469346900568189e-03,0.0000000000000000e+00,5.3657956916889259e-05
-2.6250000000000000e+00,-1.5000000000000000e+00,6.8324205363376328e-03,0.0000000000000000e+00,3.3196067829595181e-04
-2.2500000000000000e+00,-1.5000000000000000e+00,1.4716669710106375e-02,0.0000000000000000e+00,1.5401270567563551e-03
-1.8750000000000000e+00,-1.5000000000000000e+00,2.7347738922599747e-02,0.0000000000000000e+00,5.3183916386039263e-03
-1.5000000000000000e+00,-1.5000000000000000e+00,4.3904590145004245e-02,0.0000000000000000e+00,1.3707470476805716e-02
-1.1250000000000000e+00,-1.5000000000000000e+00,6.1514904011418223e-02,0.0000000000000000e+00,2.6909037621575094e-02
-7.5000000000000000e-01,-1.5000000000000000e+00,7.6607302782923423e-02,0.0000000000000000e+00,4.1732827304352044e-02
-3.7500000000000000e-01,-1.5000000000000000e+00,8.6520659582220938e-02,0.0000000000000000e+00,5.3232530023413757e-02
0.0000000000000000e+00,-1.5000000000000000e+00,8.9942370481351369e-02,0.0000000000000000e+00,5.7526257833277618e-02
3.7500000000000000e-01,-1.5000000000000000e+00,8.6520666659050255e-02,0.0000000000000000e+00,5.3232538731566158e-02
7.5000000000000000e-01,-1.5000000000000000e+00,7.6607308894730719e-02,0.0000000000000000e+00,4.1732833963325784e-02
1.1250000000000000e+00,-1.5000000000000000e+00,6.1514911183084178e-02,0.0000000000000000e+00,2.6909043895912782e-02
1.5000000000000000e+00,-1.5000000000000000e+00,4.3904584004224645e-02,0.0000000000000000e+00,1.3707466642375243e-02
1.8750000000000000e+00,-1.5000000000000000e+00,2.7347745327798666e-02,0.0000000000000000e+00,5.3183941298782849e-03
2.2500000000000000e+00,-1.5000000000000000e+00,1.4716671857688889e-02,0.0000000000000000e+00,1.5401275062534552e-03
2.6250000000000000e+00,-1.5000000000000000e+00,6.8324279475392548e-03,0.0000000000000000e+00,3.3196139845913225e-04
3.0000000000000000e+00,-1.5000000000000000e+00,2.7469289612900203e-03,0.0000000000000000e+00,5.3657733108436409e-05
3.3750000000000000e+00,-1.5000000000000000e+00,9.6172660147787075e-04,0.0000000000000000e+00,6.5771950648190243e-06
3.7500000000000000e+00,-1.5000000000000000e+00,2.9497037039700693e-04,0.0000000000000000e+00,6.1872013804193755e-07
4.1250000000000000e+00,-1.5000000000000000e+00,7.9724248206319902e-05,0.0000000000000000e+00,4.5197907570225080e-08
4.5000000000000000e+00,-1.5000000000000000e+00,1.9095151026805570e-05,0.0000000000000000e+00,2.5928874150152093e-09
4.8750000000000000e+00,-1.5000000000000000e+00,4.0708581819918325e-06,0.0000000000000000e+00,1.1784452506943892e-10
5.2500000000000000e+00,-1.5000000000000000e+00,7.7758176196968002e-07,0.0000000000000000e+00,4.2996152643404239e-12
5.6250000000000000e+00,-1.5000000000000000e+00,1.3757196326942721e-07,0.0000000000000000e+00,1.3458520944216624e-13
-6.0000000000000000e+00,-1.1250000000000000e+00,7.1869265029492418e-08,0.0000000000000000e+00,3.6730248930698113e-14
-5.6250000000000000e+00,-1.1250000000000000e+00,2.1941186096743977e-07,0.0000000000000000e+00,3.4234001588049864e-13
-5.2500000000000000e+00,-1.1250000000000000e+00,1.2448037063752589e-06,0.0000000000000000e+00,1.1018924568217471e-11
-4.8750000000000000e+00,-1.1250000000000000e+00,6.4907803760319879e-06,0.0000000000000000e+00,2.9959274588360500e-10
-4.5000000000000000e+00,-1.1250000000000000e+00,3.0339676004340401e-05,0.0000000000000000e+00,6.5457489070104803e-09
-4.1250000000000000e+00,-1.1250000000000000e+00,1.2608399966926789e-04,0.0000000000000000e+00,1.1304657758293295e-07
-3.7500000000000000e+00,-1.1250000000000000e+00,4.6368825873281487e-04,0.0000000000000000e+00,1.5289372535940969e-06
-3.3750000000000000e+00,-1.1250000000000000e+00,1.4998553485959076e-03,0.0000000000000000e+00,1.5996914252172456e-05
-3.0000000000000000e+00,-1.1250000000000000e+00,4.2383698216560900e-03,0.0000000000000000e+00,1.2774242663200056e-04
-2.6250000000000000e+00,-1.1250000000000000e+00,1.0388534458700773e-02,0.0000000000000000e+00,7.6744283164169509e-04
-2.2500000000000000e+00,-1.1250000000000000e+00,2.1924669577940540e-02,0.0000000000000000e+00,3.4182480789466414e-03
-1.8750000000000000e+00,-1.1250000000000000e+00,3.9635054023742698e-02,0.0000000000000000e+00,1.1171111164195571e-02
-1.5000000000000000e+00,-1.1250000000000000e+00,6.1514898694714229e-02,0.0000000000000000e+00,2.6909032970104566e-02
-1.1250000000000000e+00,-1.1250000000000000e+00,8.3205699996376364e-02,0.0000000000000000e+00,4.9231562751196341e-02
-7.5000000000000000e-01,-1.1250000000000000e+00,1.0057235883915937e-01,0.0000000000000000e+00,7.1927462133138761e-02
-3.7500000000000000e-01,-1.1250000000000000e+00,1.1140292389514404e-01,0.0000000000000000e+00,8.8253236994753820e-02
0.0000000000000000e+00,-1.1250000000000000e+00,1.1504012115327998e-01,0.0000000000000000e+00,9.4110076266391729e-02
3.7500000000000000e-01,-1.1250000000000000e+00,1.1140292104104865e-01,0.0000000000000000e+00,8.8253232472733298e-02
7.5000000000000000e-01,-1.1250000000000000e+00,1.0057235297550449e-01,0.0000000000000000e+00,7.1927453745987316e-02
1.1250000000000000e+00,-1.1250000000000000e+00,8.3205692155317493e-02,0.0000000000000000e+00,4.9231553472323296e-02
1.5000000000000000e+00,-1.1250000000000000e+00,6.1514909731855631e-02,0.0000000000000000e+00,2.6909042626263799e-02
1.8750000000000000e+00,-1.1250000000000000e+00,3.9635040284440287e-02,0.0000000000000000e+00,1.1171103419372120e-02
2.2500000000000000e+00,-1.1250000000000000e+00,2.1924667084838784e-02,0.0000000000000000e+00,3.4182473015538714e-03
2.6250000000000000e+00,-1.1250000000000000e+00,1.0388535094634253e-02,0.0000000000000000e+00,7.6744292559962669e-04
3.0000000000000000e+00,-1.1250000000000000e+00,4.2383842768748846e-03,0.0000000000000000e+00,1.2774329798016169e-04
3.3750000000000000e+00,-1.1250000000000000e+00,1.4998481700078247e-03,0.0000000000000000e+00,1.5996761124094727e-05
3.7500000000000000e+00,-1.1250000000000000e+00,4.6369840419338559e-04,0.0000000000000000e+00,1.5290041603661681e-06
4.1250000000000000e+00,-1.1250000000000000e+00,1.2608501288074637e-04,0.0000000000000000e+00,1.1304839447564784e-07
4.5000000000000000e+00,-1.1250000000000000e+00,3.0339577596737443e-05,0.0000000000000000e+00,6.5457064444334403e-09
4.8750000000000000e+00,-1.1250000000000000e+00,6.4991511211907785e-06,0.0000000000000000e+00,3.0036597543875808e-10
5.2500000000000000e+00,-1.1250000000000000e+00,1.2414493480597359e-06,0.0000000000000000e+00,1.0959619440340930e-11
5.6250000000000000e+00,-1.1250000000000000e+00,2.1559383381468396e-07,0.0000000000000000e+00,3.3052943060560760e-13
-6.0000000000000000e+00,-7.5000000000000000e-01,9.8419823520344698e-08,0.0000000000000000e+00,6.8881505150405665e-14
-5.6250000000000000e+00,-7.5000000000000000e-01,3.0893061743323476e-07,0.0000000000000000e+00,6.7867112097905527e-13
-5.2500000000000000e+00,-7.5000000000000000e-01,1.7442111361006804e-06,0.0000000000000000e+00,2.1633937687449785e-11
-4.8750000000000000e+00,-7.5000000000000000e-01,9.0623112459567242e-06,0.0000000000000000e+00,5.8400344973222200e-10
-4.5000000000000000e+00,-7.5000000000000000e-01,4.2224342754998924e-05,0.0000000000000000e+00,1.2678365305540481e-08
-4.1250000000000000e+00,-7.5000000000000000e-01,1.7480238861587993e-04,0.0000000000000000e+00,2.1728622269025500e-07
-3.7500000000000000e+00,-7.5000000000000000e-01,6.3965043407703144e-04,0.0000000000000000e+00,2.9095301533506469e-06
-3.3750000000000000e+00,-7.5000000000000000e-01,2.0552356128811025e-03,0.0000000000000000e+00,3.0037286573900525e-05
-3.0000000000000000e+00,-7.5000000000000000e-01,5.7549041685483323e-03,0.0000000000000000e+00,2.3551233414524425e-04
-2.6250000000000000e+00,-7.5000000000000000e-01,1.3924804646318945e-02,0.0000000000000000e+00,1.3788457560045915e-03
-2.2500000000000000e+00,-7.5000000000000000e-01,2.8852824125564488e-02,0.0000000000000000e+00,5.9198966045920440e-03
-1.8750000000000000e+00,-7.5000000000000000e-01,5.0868833643399447e-02,0.0000000000000000e+00,1.8400983013261138e-02
-1.5000000000000000e+00,-7.5000000000000000e-01,7.6607301202388844e-02,0.0000000000000000e+00,4.1732825582318417e-02
-1.1250000000000000e+00,-7.5000000000000000e-01,1.0057236123379897e-01,0.0000000000000000e+00,7.1927465558341327e-02
-7.5000000000000000e-01,-7.5000000000000000e-01,1.1870136496903784e-01,0.0000000000000000e+00,1.0019565543475714e-01
-3.7500000000000000e-01,-7.5000000000000000e-01,1.2955946151760989e-01,0.0000000000000000e+00,1.1936465115543493e-01
0.0000000000000000e+00,-7.5000000000000000e-01,1.3313258482006712e-01,0.0000000000000000e+00,1.2603936100175905e-01
3.7500000000000000e-01,-7.5000000000000000e-01,1.2955946362697782e-01,0.0000000000000000e+00,1.1936465504220578e-01
7.5000000000000000e-01,-7.5000000000000000e-01,1.1870135991250008e-01,0.0000000000000000e+00,1.0019564689832448e-01
1.1250000000000000e+00,-7.5000000000000000e-01,1.0057235971348963e-01,0.0000000000000000e+00,7.1927463383747933e-02
1.5000000000000000e+00,-7.5000000000000000e-01,7.6607307684273845e-02,0.0000000000000000e+00,4.1732832644501353e-02
1.8750000000000000e+00,-7.5000000000000000e-01,5.0868830490449615e-02,0.0000000000000000e+00,1.8400980732203351e-02
2.2500000000000000e+00,-7.5000000000000000e-01,2.8852824707948192e-02,0.0000000000000000e+00,5.9198968435739425e-03
2.6250000000000000e+00,-7.5000000000000000e-01,1.3924809454343842e-02,0.0000000000000000e+00,1.3788467081940171e-03
3.0000000000000000e+00,-7.5000000000000000e-01,5.7549040345376782e-03,0.0000000000000000e+00,2.3551232317680387e-04
3.3750000000000000e+00,-7.5000000000000000e-01,2.0552353915420539e-03,0.0000000000000000e+00,3.0037280104156582e-05
3.7500000000000000e+00,-7.5000000000000000e-01,6.3966105002438906e-04,0.0000000000000000e+00,2.9096267300857170e-06
4.1250000000000000e+00,-7.5000000000000000e-01,1.7480368792374893e-04,0.0000000000000000e+00,2.1728945288350871e-07
4.5000000000000000e+00,-7.5000000000000000e-01,4.2222039075288866e-05,0.0000000000000000e+00,1.2676981928357119e-08
4.8750000000000000e+00,-7.5000000000000000e-01,9.0742031972398161e-06,0.0000000000000000e+00,5.8553716383855861e-10
5.2500000000000000e+00,-7.5000000000000000e-01,1.7400131346602093e-06,0.0000000000000000e+00,2.1529925040284782e-11
5.6250000000000000e+00,-7.5000000000000000e-01,3.0153139883209776e-07,0.0000000000000000e+00,6.4655064520278480e-13
-6.0000000000000000e+00,-3.7500000000000000e-01,1.1652801704132780e-07,0.0000000000000000e+00,9.6560204484152774e-14
-5.6250000000000000e+00,-3.7500000000000000e-01,3.8019538808134023e-07,0.0000000000000000e+00,1.0279006799525043e-12
-5.2500000000000000e+00,-3.7500000000000000e-01,2.1354033845471857e-06,0.0000000000000000e+00,3.2426294149230760e-11
-4.8750000000000000e+00,-3.7500000000000000e-01,1.1076069240145685e-05,0.0000000000000000e+00,8.7238620311112115e-10
-4.5000000000000000e+00,-3.7500000000000000e-01,5.1477118082013895e-05,0.0000000000000000e+00,1.8843688433988282e-08
-4.1250000000000000e+00,-3.7500000000000000e-01,2.1257351145658886e-04,0.0000000000000000e+00,3.2133331749677878e-07
-3.7500000000000000e+00,-3.7500000000000000e-01,7.7529600786133395e-04,0.0000000000000000e+00,4.2743743986184643e-06
-3.3750000000000000e+00,-3.7500000000000000e-01,2.4799009432557319e-03,0.0000000000000000e+00,4.3732684006120313e-05
-3.0000000000000000e+00,-3.7500000000000000e-01,6.9009148348131624e-03,0.0000000000000000e+00,3.3864978174111553e-04
-2.6250000000000000e+00,-3.7500000000000000e-01,1.6549233425488936e-02,0.0000000000000000e+00,1.9475706806849440e-03
-2.2500000000000000e+00,-3.7500000000000000e-01,3.3851420816986562e-02,0.0000000000000000e+00,8.1487551383375018e-03
-1.8750000000000000e+00,-3.7500000000000000e-01,5.8643311032966917e-02,0.0000000000000000e+00,2.4455380827799463e-02
-1.5000000000000000e+00,-3.7500000000000000e-01,8.6520666654939654e-02,0.0000000000000000e+00,5.3232538726507989e-02
-1.1250000000000000e+00,-3.7500000000000000e-01,1.1140291949523905e-01,0.0000000000000000e+00,8.8253230023557061e-02
-7.5000000000000000e-01,-3.7500000000000000e-01,1.2955946898476067e-01,0.0000000000000000e+00,1.1936466491458247e-01
-3.7500000000000000e-01,-3.7500000000000000e-01,1.4017416852619904e-01,0.0000000000000000e+00,1.3972478237874666e-01
0.0000000000000000e+00,-3.7500000000000000e-01,1.4362684999825434e-01,0.0000000000000000e+00,1.4669277895410526e-01
3.7500000000000000e-01,-3.7500000000000000e-01,1.4017417210811112e-01,0.0000000000000000e+00,1.3972478951960432e-01
7.5000000000000000e-01,-3.7500000000000000e-01,1.2955947018445091e-01,0.0000000000000000e+00,1.1936466712516000e-01
1.1250000000000000e+00,-3.7500000000000000e-01,1.1140292556589505e-01,0.0000000000000000e+00,8.8253239641886957e-02
1.5000000000000000e+00,-3.7500000000000000e-01,8.6520658100126324e-02,0.0000000000000000e+00,5.3232528199672571e-02
1.8750000000000000e+00,-3.7500000000000000e-01,5.8643319970177056e-02,0.0000000000000000e+00,2.4455388281774699e-02
2.2500000000000000e+00,-3.7500000000000000e-01,3.3851423346017186e-02,0.0000000000000000e+00,8.1487563559201944e-03
2.6250000000000000e+00,-3.7500000000000000e-01,1.6549234054854350e-02,0.0000000000000000e+00,1.9475708288167178e-03
3.0000000000000000e+00,-3.7500000000000000e-01,6.9009066045811326e-03,0.0000000000000000e+00,3.3864897397441066e-04
3.3750000000000000e+00,-3.7500000000000000e-01,2.4799027091303564e-03,0.0000000000000000e+00,4.3732746288014798e-05
3.7500000000000000e+00,-3.7500000000000000e-01,7.7529210734868150e-04,0.0000000000000000e+00,4.2743313899886892e-06
4.1250000000000000e+00,-3.7500000000000000e-01,2.1257359530266637e-04,0.0000000000000000e+00,3.2133357098596823e-07
4.5000000000000000e+00,-3.7500000000000000e-01,5.1474681841025490e-05,0.0000000000000000e+00,1.8841904857847460e-08
4.8750000000000000e+00,-3.7500000000000000e-01,1.1081064013975050e-05,0.0000000000000000e+00,8.7317318884844706e-10
5.2500000000000000e+00,-3.7500000000000000e-01,2.1350449140804431e-06,0.0000000000000000e+00,3.2415408249889901e-11
5.6250000000000000e+00,-3.7500000000000000e-01,3.7363299748164026e-07,0.0000000000000000e+00,9.9272260840615383e-13
-6.0000000000000000e+00,0.0000000000000000e+00,1.2278884261503034e-07,0.0000000000000000e+00,1.0721493241414181e-13
-5.6250000000000000e+00,0.0000000000000000e+00,4.0765464438146794e-07,0.0000000000000000e+00,1.1817408646099989e-12
-5.2500000000000000e+00,0.0000000000000000e+00,2.2843169642029923e-06,0.0000000000000000e+00,3.7106517283168533e-11
-4.8750000000000000e+00,0.0000000000000000e+00,1.1842967455998862e-05,0.0000000000000000e+00,9.9737513360958700e-10
-4.5000000000000000e+00,0.0000000000000000e+00,5.4989284133064040e-05,0.0000000000000000e+00,2.1502729738430923e-08
-4.1250000000000000e+00,0.0000000000000000e+00,2.2687881905722072e-04,0.0000000000000000e+00,3.6603732292834916e-07
-3.7500000000000000e+00,0.0000000000000000e+00,8.2651188912700167e-04,0.0000000000000000e+00,4.8577557537300274e-06
-3.3750000000000000e+00,0.0000000000000000e+00,2.6395319230231719e-03,0.0000000000000000e+00,4.9544026827793092e-05
-3.0000000000000000e+00,0.0000000000000000e+00,7.3288799136578507e-03,0.0000000000000000e+00,3.8195541894270226e-04
-2.6250000000000000e+00,0.0000000000000000e+00,1.7519431283440325e-02,0.0000000000000000e+00,2.1826166932991113e-03
-2.2500000000000000e+00,0.0000000000000000e+00,3.5669813271493184e-02,0.0000000000000000e+00,9.0477196716315829e-03
-1.8750000000000000e+00,0.0000000000000000e+00,6.1405421494899470e-02,0.0000000000000000e+00,2.6813338943760083e-02
-1.5000000000000000e+00,0.0000000000000000e+00,8.9942369455925250e-02,0.0000000000000000e+00,5.7526256521572665e-02
-1.1250000000000000e+00,0.0000000000000000e+00,1.1504012042483806e-01,0.0000000000000000e+00,9.4110075074568852e-02
-7.5000000000000000e-01,0.0000000000000000e+00,1.3313257468770523e-01,0.0000000000000000e+00,1.2603934181672827e-01
-3.7500000000000000e-01,0.0000000000000000e+00,1.4362685755006879e-01,0.0000000000000000e+00,1.4669279438014404e-01
0.0000000000000000e+00,0.0000000000000000e+00,1.4702789327430868e-01,0.0000000000000000e+00,1.5372232107151293e-01
3.7500000000000000e-01,0.0000000000000000e+00,1.4362684634559528e-01,0.0000000000000000e+00,1.4669277149284435e-01
7.5000000000000000e-01,0.0000000000000000e+00,1.3313258110321238e-01,0.0000000000000000e+00,1.2603935396411323e-01
1.1250000000000000e+00,0.0000000000000000e+00,1.1504011400386981e-01,0.0000000000000000e+00,9.4110064569055019e-02
1.5000000000000000e+00,0.0000000000000000e+00,8.9942362697771436e-02,0.0000000000000000e+00,5.7526247876675311e-02
1.8750000000000000e+00,0.0000000000000000e+00,6.1405421693289844e-02,0.0000000000000000e+00,2.6813339117018675e-02
2.2500000000000000e+00,0.0000000000000000e+00,3.5669812693155896e-02,0.0000000000000000e+00,9.0477193782387590e-03
2.6250000000000000e+00,0.0000000000000000e+00,1.7519419216008934e-02,0.0000000000000000e+00,2.1826136865156485e-03
3.0000000000000000e+00,0.0000000000000000e+00,7.3288850970287403e-03,0.0000000000000000e+00,3.8195595922097756e-04
3.3750000000000000e+00,0.0000000000000000e+00,2.6395328433015878e-03,0.0000000000000000e+00,4.9544061375059662e-05
3.7500000000000000e+00,0.0000000000000000e+00,8.2649877603749040e-04,0.0000000000000000e+00,4.8576016127393405e-06
4.1250000000000000e+00,0.0000000000000000e+00,2.2687784194130054e-04,0.0000000000000000e+00,3.6603417005469688e-07
4.5000000000000000e+00,0.0000000000000000e+00,5.4987397579201807e-05,0.0000000000000000e+00,2.1501254346902817e-08
4.8750000000000000e+00,0.0000000000000000e+00,1.1842798668433734e-05,0.0000000000000000e+00,9.9734670436306346e-10
5.2500000000000000e+00,0.0000000000000000e+00,2.2866065868507017e-06,0.0000000000000000e+00,3.7180939968206332e-11
5.6250000000000000e+00,0.0000000000000000e+00,4.0248844449133196e-07,0.0000000000000000e+00,1.1519782965265922e-12
-6.0000000000000000e+00,3.7500000000000000e-01,1.1652801553896385e-07,0.0000000000000000e+00,9.6560201994303991e-14
-5.6250000000000000e+00,3.7500000000000000e-01,3.8019538754115048e-07,0.0000000000000000e+00,1.0279006770315777e-12
-5.2500000000000000e+00,3.7500000000000000e-01,2.1354033857334050e-06,0.0000000000000000e+00,3.2426294185256453e-11
-4.8750000000000000e+00,3.7500000000000000e-01,1.1076069242210039e-05,0.0000000000000000e+00,8.7238620343631139e-10
-4.5000000000000000e+00,3.7500000000000000e-01,5.1477118081389795e-05,0.0000000000000000e+00,1.8843688433531367e-08
-4.1250000000000000e+00,3.7500000000000000e-01,2.1257351144675758e-04,0.0000000000000000e+00,3.2133331746705619e-07
-3.7500000000000000e+00,3.7500000000000000e-01,7.7529600783132313e-04,0.0000000000000000e+00,4.2743743982875522e-06
-3.3750000000000000e+00,3.7500000000000000e-01,2.4799009431586707e-03,0.0000000000000000e+00,4.3732684002696992e-05
-3.0000000000000000e+00,3.7500000000000000e-01,6.9009148345445005e-03,0.0000000000000000e+00,3.3864978171474735e-04
-2.6250000000000000e+00,3.7500000000000000e-01,1.6549233425178913e-02,0.0000000000000000e+00,1.9475706806119748e-03
-2.2500000000000000e+00,3.7500000000000000e-01,3.3851420816834323e-02,0.0000000000000000e+00,8.1487551382642062e-03
-1.8750000000000000e+00,3.7500000000000000e-01,5.8643311033503759e-02,0.0000000000000000e+00,2.4455380828247206e-02
-1.5000000000000000e+00,3.7500000000000000e-01,8.6520666655850176e-02,0.0000000000000000e+00,5.3232538727628405e-02
-1.1250000000000000e+00,3.7500000000000000e-01,1.1140291949554521e-01,0.0000000000000000e+00,8.8253230024042131e-02
-7.5000000000000000e-01,3.7500000000000000e-01,1.2955946898453924e-01,0.0000000000000000e+00,1.1936466491417447e-01
-3.7500000000000000e-01,3.7500000000000000e-01,1.4017416852660974e-01,0.0000000000000000e+00,1.3972478237956543e-01
0.0000000000000000e+00,3.7500000000000000e-01,1.4362684999932207e-01,0.0000000000000000e+00,1.4669277895628630e-01
3.7500000000000000e-01,3.7500000000000000e-01,1.4017417210851082e-01,0.0000000000000000e+00,1.3972478952040115e-01
7.5000000000000000e-01,3.7500000000000000e-01,1.2955947018418082e-01,0.0000000000000000e+00,1.1936466712466233e-01
1.1250000000000000e+00,3.7500000000000000e-01,1.1140292556620365e-01,0.0000000000000000e+00,8.8253239642375914e-02
1.5000000000000000e+00,3.7500000000000000e-01,8.6520658101040732e-02,0.0000000000000000e+00,5.3232528200797762e-02
1.8750000000000000e+00,3.7500000000000000e-01,5.8643319970685094e-02,0.0000000000000000e+00,2.4455388282198422e-02
2.2500000000000000e+00,3.7500000000000000e-01,3.3851423345848557e-02,0.0000000000000000e+00,8.1487563558390094e-03
2.6250000000000000e+00,3.7500000000000000e-01,1.6549234054520360e-02,0.0000000000000000e+00,1.9475708287381077e-03
3.0000000000000000e+00,3.7500000000000000e-01,6.9009066043681988e-03,0.0000000000000000e+00,3.3864897395351201e-04
3.3750000000000000e+00,3.7500000000000000e-01,2.4799027090429203e-03,0.0000000000000000e+00,4.3732746284930955e-05
3.7500000000000000e+00,3.7500000000000000e-01,7.7529210731478425e-04,0.0000000000000000e+00,4.2743313896149257e-06
4.1250000000000000e+00,3.7500000000000000e-01,2.1257359529871023e-04,0.0000000000000000e+00,3.2133357097400775e-07
4.5000000000000000e+00,3.7500000000000000e-01,5.1474681836547471e-05,0.0000000000000000e+00,1.8841904854569172e-08
4.8750000000000000e+00,3.7500000000000000e-01,1.1081064018222814e-05,0.0000000000000000e+00,8.7317318951788320e-10
5.2500000000000000e+00,3.7500000000000000e-01,2.1350449139959499e-06,0.0000000000000000e+00,3.2415408247324252e-11
5.6250000000000000e+00,3.7500000000000000e-01,3.7363299366626918e-07,0.0000000000000000e+00,9.9272258813168600e-13
-6.0000000000000000e+00,7.5000000000000000e-01,9.8419821461131979e-08,0.0000000000000000e+00,6.8881502268025565e-14
-5.6250000000000000e+00,7.5000000000000000e-01,3.0893061666347065e-07,0.0000000000000000e+00,6.7867111759695830e-13
-5.2500000000000000e+00,7.5000000000000000e-01,1.7442111380139522e-06,0.0000000000000000e+00,2.1633937734911477e-11
-4.8750000000000000e+00,7.5000000000000000e-01,9.0623112501571572e-06,0.0000000000000000e+00,5.8400345027359982e-10
-4.5000000000000000e+00,7.5000000000000000e-01,4.2224342761442047e-05,0.0000000000000000e+00,1.2678365309409730e-08
-4.1250000000000000e+00,7.5000000000000000e-01,1.7480238862988790e-04,0.0000000000000000e+00,2.1728622272507991e-07
-3.7500000000000000e+00,7.5000000000000000e-01,6.3965043412842913e-04,0.0000000000000000e+00,2.9095301538182248e-06
-3.3750000000000000e+00,7.5000000000000000e-01,2.0552356130108780e-03,0.0000000000000000e+00,3.0037286577693864e-05
-3.0000000000000000e+00,7.5000000000000000e-01,5.7549041687563517e-03,0.0000000000000000e+00,2.3551233416227012e-04
-2.6250000000000000e+00,7.5000000000000000e-01,1.3924804646861438e-02,0.0000000000000000e+00,1.3788457561120279e-03
-2.2500000000000000e+00,7.5000000000000000e-01,2.8852824126166500e-02,0.0000000000000000e+00,5.9198966048390799e-03
-1.8750000000000000e+00,7.5000000000000000e-01,5.0868833643818404e-02,0.0000000000000000e+00,1.8400983013564239e-02
-1.5000000000000000e+00,7.5000000000000000e-01,7.6607301203026751e-02,0.0000000000000000e+00,4.1732825583013430e-02
-1.1250000000000000e+00,7.5000000000000000e-01,1.0057236123507922e-01,0.0000000000000000e+00,7.1927465560172543e-02
-7.5000000000000000e-01,7.5000000000000000e-01,1.1870136496950823e-01,0.0000000000000000e+00,1.0019565543555126e-01
-3.7500000000000000e-01,7.5000000000000000e-01,1.2955946151746323e-01,0.0000000000000000e+00,1.1936465115516467e-01
0.0000000000000000e+00,7.5000000000000000e-01,1.3313258482025564e-01,0.0000000000000000e+00,1.2603936100211599e-01
3.7500000000000000e-01,7.5000000000000000e-01,1.2955946362683490e-01,0.0000000000000000e+00,1.1936465504194244e-01
7.5000000000000000e-01,7.5000000000000000e-01,1.1870135991285810e-01,0.0000000000000000e+00,1.0019564689892890e-01
1.1250000000000000e+00,7.5000000000000000e-01,1.0057235971480348e-01,0.0000000000000000e+00,7.1927463385627208e-02
1.5000000000000000e+00,7.5000000000000000e-01,7.6607307684901718e-02,0.0000000000000000e+00,4.1732832645185430e-02
1.8750000000000000e+00,7.5000000000000000e-01,5.0868830490831192e-02,0.0000000000000000e+00,1.8400980732479411e-02
2.2500000000000000e+00,7.5000000000000000e-01,2.8852824708519166e-02,0.0000000000000000e+00,5.9198968438082429e-03
2.6250000000000000e+00,7.5000000000000000e-01,1.3924809454845912e-02,0.0000000000000000e+00,1.3788467082934480e-03
3.0000000000000000e+00,7.5000000000000000e-01,5.7549040348436825e-03,0.0000000000000000e+00,2.3551232320184957e-04
3.3750000000000000e+00,7.5000000000000000e-01,2.0552353916841229e-03,0.0000000000000000e+00,3.0037280108309263e-05
3.7500000000000000e+00,7.5000000000000000e-01,6.3966105006975273e-04,0.0000000000000000e+00,2.9096267304984084e-06
4.1250000000000000e+00,7.5000000000000000e-01,1.7480368794536329e-04,0.0000000000000000e+00,2.1728945293724405e-07
4.5000000000000000e+00,7.5000000000000000e-01,4.2222039076669055e-05,0.0000000000000000e+00,1.2676981929185911e-08
4.8750000000000000e+00,7.5000000000000000e-01,9.0742032047579806e-06,0.0000000000000000e+00,5.8553716480881789e-10
5.2500000000000000e+00,7.5000000000000000e-01,1.7400131345420810e-06,0.0000000000000000e+00,2.1529925037361481e-11
5.6250000000000000e+00,7.5000000000000000e-01,3.0153139374750832e-07,0.0000000000000000e+00,6.4655062339779484e-13
-6.0000000000000000e+00,1.1250000000000000e+00,7.1869262751325018e-08,0.0000000000000000e+00,3.6730246602090625e-14
-5.6250000000000000e+00,1.1250000000000000e+00,2.1941186015967903e-07,0.0000000000000000e+00,3.4234001335986166e-13
-5.2500000000000000e+00,1.1250000000000000e+00,1.2448037082021669e-06,0.0000000000000000e+00,1.1018924600560821e-11
-4.8750000000000000e+00,1.1250000000000000e+00,6.4907803793474646e-06,0.0000000000000000e+00,2.9959274618966767e-10
-4.5000000000000000e+00,1.1250000000000000e+00,3.0339676004249020e-05,0.0000000000000000e+00,6.5457489069710494e-09
-4.1250000000000000e+00,1.1250000000000000e+00,1.2608399965769615e-04,0.0000000000000000e+00,1.1304657756218255e-07
-3.7500000000000000e+00,1.1250000000000000e+00,4.6368825869854406e-04,0.0000000000000000e+00,1.5289372533680920e-06
-3.3750000000000000e+00,1.1250000000000000e+00,1.4998553484805511e-03,0.0000000000000000e+00,1.5996914249711755e-05
-3.0000000000000000e+00,1.1250000000000000e+00,4.2383698213213474e-03,0.0000000000000000e+00,1.2774242661182258e-04
-2.6250000000000000e+00,1.1250000000000000e+00,1.0388534458345349e-02,0.0000000000000000e+00,7.6744283158918175e-04
-2.2500000000000000e+00,1.1250000000000000e+00,2.1924669577794344e-02,0.0000000000000000e+00,3.4182480789010550e-03
-1.8750000000000000e+00,1.1250000000000000e+00,3.9635054024453158e-02,0.0000000000000000e+00,1.1171111164596056e-02
-1.5000000000000000e+00,1.1250000000000000e+00,6.1514898695873461e-02,0.0000000000000000e+00,2.6909032971118754e-02
-1.1250000000000000e+00,1.1250000000000000e+00,8.3205699996816221e-02,0.0000000000000000e+00,4.9231562751716855e-02
-7.5000000000000000e-01,1.1250000000000000e+00,1.0057235883890421e-01,0.0000000000000000e+00,7.1927462132773790e-02
-3.7500000000000000e-01,1.1250000000000000e+00,1.1140292389567043e-01,0.0000000000000000e+00,8.8253236995587819e-02
0.0000000000000000e+00,1.1250000000000000e+00,1.1504012115468538e-01,0.0000000000000000e+00,9.4110076268691140e-02
3.7500000000000000e-01,1.1250000000000000e+00,1.1140292104156119e-01,0.0000000000000000e+00,8.8253232473545370e-02
7.5000000000000000e-01,1.1250000000000000e+00,1.0057235297517279e-01,0.0000000000000000e+00,7.1927453745512876e-02
1.1250000000000000e+00,1.1250000000000000e+00,8.3205692155764538e-02,0.0000000000000000e+00,4.9231553472852317e-02
1.5000000000000000e+00,1.1250000000000000e+00,6.1514909733018666e-02,0.0000000000000000e+00,2.6909042627281315e-02
1.8750000000000000e+00,1.1250000000000000e+00,3.9635040285108745e-02,0.0000000000000000e+00,1.1171103419748928e-02
2.2500000000000000e+00,1.1250000000000000e+00,2.1924667084667733e-02,0.0000000000000000e+00,3.4182473015005347e-03
2.6250000000000000e+00,1.1250000000000000e+00,1.0388535094243000e-02,0.0000000000000000e+00,7.6744292554181985e-04
3.0000000000000000e+00,1.1250000000000000e+00,4.2383842766241034e-03,0.0000000000000000e+00,1.2774329796504480e-04
3.3750000000000000e+00,1.1250000000000000e+00,1.4998481699069327e-03,0.0000000000000000e+00,1.5996761121942582e-05
3.7500000000000000e+00,1.1250000000000000e+00,4.6369840415316397e-04,0.0000000000000000e+00,1.5290041601009138e-06
4.1250000000000000e+00,1.1250000000000000e+00,1.2608501287802705e-04,0.0000000000000000e+00,1.1304839447077155e-07
4.5000000000000000e+00,1.1250000000000000e+00,3.0339577590841223e-05,0.0000000000000000e+00,6.5457064418892437e-09
4.8750000000000000e+00,1.1250000000000000e+00,6.4991511277772728e-06,0.0000000000000000e+00,3.0036597604756337e-10
5.2500000000000000e+00,1.1250000000000000e+00,1.2414493479746802e-06,0.0000000000000000e+00,1.0959619438839174e-11
5.6250000000000000e+00,1.1250000000000000e+00,2.1559382808462918e-07,0.0000000000000000e+00,3.3052941303597969e-13
-6.0000000000000000e+00,1.5000000000000000e+00,4.4316396364237566e-08,0.0000000000000000e+00,1.3965816794397926e-14
-5.6250000000000000e+00,1.5000000000000000e+00,1.3614674569519791e-07,0.0000000000000000e+00,1.3181110302857166e-13
-5.2500000000000000e+00,1.5000000000000000e+00,7.7648364874501458e-07,0.0000000000000000e+00,4.2874798703528619e-12
-4.8750000000000000e+00,1.5000000000000000e+00,4.0737215793266787e-06,0.0000000000000000e+00,1.1801036448619982e-10
-4.5000000000000000e+00,1.5000000000000000e+00,1.9093459937312128e-05,0.0000000000000000e+00,2.5924281769083964e-09
-4.1250000000000000e+00,1.5000000000000000e+00,7.9722947353546135e-05,0.0000000000000000e+00,4.5196432602569162e-08
-3.7500000000000000e+00,1.5000000000000000e+00,2.9497392005776530e-04,0.0000000000000000e+00,6.1873502943463041e-07
-3.3750000000000000e+00,1.5000000000000000e+00,9.6173593217957899e-04,0.0000000000000000e+00,6.5773226897445252e-06
-3.0000000000000000e+00,1.5000000000000000e+00,2.7469346894285814e-03,0.0000000000000000e+00,5.3657956892345585e-05
-2.6250000000000000e+00,1.5000000000000000e+00,6.8324205345508598e-03,0.0000000000000000e+00,3.3196067812232718e-04
-2.2500000000000000e+00,1.5000000000000000e+00,1.4716669708049189e-02,0.0000000000000000e+00,1.5401270563257785e-03
-1.8750000000000000e+00,1.5000000000000000e+00,2.7347738921002056e-02,0.0000000000000000e+00,5.3183916379825110e-03
-1.5000000000000000e+00,1.5000000000000000e+00,4.3904590142651904e-02,0.0000000000000000e+00,1.3707470475336866e-02
-1.1250000000000000e+00,1.5000000000000000e+00,6.1514904006948069e-02,0.0000000000000000e+00,2.6909037617664253e-02
-7.5000000000000000e-01,1.5000000000000000e+00,7.6607302781272174e-02,0.0000000000000000e+00,4.1732827302552969e-02
-3.7500000000000000e-01,1.5000000000000000e+00,8.6520659582604187e-02,0.0000000000000000e+00,5.3232530023885352e-02
0.0000000000000000e+00,1.5000000000000000e+00,8.9942370480463218e-02,0.0000000000000000e+00,5.7526257832141520e-02
3.7500000000000000e-01,1.5000000000000000e+00,8.6520666659421999e-02,0.0000000000000000e+00,5.3232538732023590e-02
7.5000000000000000e-01,1.5000000000000000e+00,7.6607308893493056e-02,0.0000000000000000e+00,4.1732833961977321e-02
1.1250000000000000e+00,1.5000000000000000e+00,6.1514911178492539e-02,0.0000000000000000e+00,2.6909043891895652e-02
1.5000000000000000e+00,1.5000000000000000e+00,4.3904584001907880e-02,0.0000000000000000e+00,1.3707466640928607e-02
1.8750000000000000e+00,1.5000000000000000e+00,2.7347745326341173e-02,0.0000000000000000e+00,5.3183941293113990e-03
2.2500000000000000e+00,1.5000000000000000e+00,1.4716671855746289e-02,0.0000000000000000e+00,1.5401275058468617e-03
2.6250000000000000e+00,1.5000000000000000e+00,6.8324279459021269e-03,0.0000000000000000e+00,3.3196139830004879e-04
3.0000000000000000e+00,1.5000000000000000e+00,2.7469289602986666e-03,0.0000000000000000e+00,5.3657733069706763e-05
3.3750000000000000e+00,1.5000000000000000e+00,9.6172660101358394e-04,0.0000000000000000e+00,6.5771950584685608e-06
3.7500000000000000e+00,1.5000000000000000e+00,2.9497037025130572e-04,0.0000000000000000e+00,6.1872013743070142e-07
4.1250000000000000e+00,1.5000000000000000e+00,7.9724248131905144e-05,0.0000000000000000e+00,4.5197907485849462e-08
4.5000000000000000e+00,1.5000000000000000e+00,1.9095151023823993e-05,0.0000000000000000e+00,2.5928874142054863e-09
4.8750000000000000e+00,1.5000000000000000e+00,4.0708581538034078e-06,0.0000000000000000e+00,1.1784452343742356e-10
5.2500000000000000e+00,1.5000000000000000e+00,7.7758176240120212e-07,0.0000000000000000e+00,4.2996152691126017e-12
5.6250000000000000e+00,1.5000000000000000e+00,1.3757198272986759e-07,0.0000000000000000e+00,1.3458524751805858e-13
-6.0000000000000000e+00,1.8750000000000000e+00,2.3680408485530153e-08,0.0000000000000000e+00,3.9876390829622646e-15
-5.6250000000000000e+00,1.8750000000000000e+00,7.2783663831691837e-08,0.0000000000000000e+00,3.7670838903215835e-14
-5.2500000000000000e+00,1.8750000000000000e+00,4.2329094925956978e-07,0.0000000000000000e+00,1.2741349527115925e-12
-4.8750000000000000e+00,1.8750000000000000e+00,2.2424049911332191e-06,0.0000000000000000e+00,3.5757369914731891e-11
-4.5000000000000000e+00,1.8750000000000000e+00,1.0526957376659665e-05,0.0000000000000000e+00,7.8803080256006637e-10
-4.1250000000000000e+00,1.8750000000000000e+00,4.4180278825469129e-05,0.0000000000000000e+00,1.3880156708239617e-08
-3.7500000000000000e+00,1.8750000000000000e+00,1.6453114184801271e-04,0.0000000000000000e+00,1.9250130942443290e-07
-3.3750000000000000e+00,1.8750000000000000e+00,5.4090745669285083e-04,0.0000000000000000e+00,2.0805751232421571e-06
-3.0000000000000000e+00,1.8750000000000000e+00,1.5619447352367912e-03,0.0000000000000000e+00,1.7348774086641277e-05
-2.6250000000000000e+00,1.8750000000000000e+00,3.9419535108734267e-03,0.0000000000000000e+00,1.1049953764897660e-04
-2.2500000000000000e+00,1.8750000000000000e+00,8.6579024230807825e-03,0.0000000000000000e+00,5.3304372883618192e-04
-1.8750000000000000e+00,1.8750000000000000e+00,1.6506907210683250e-02,0.0000000000000000e+00,1.9376212313749806e-03
-1.5000000000000000e+00,1.8750000000000000e+00,2.7347741464508531e-02,0.0000000000000000e+00,5.3183926272682607e-03
-1.1250000000000000e+00,1.8750000000000000e+00,3.9635044304811219e-02,0.0000000000000000e+00,1.1171105685648698e-02
-7.5000000000000000e-01,1.8750000000000000e+00,5.0868829410357599e-02,0.0000000000000000e+00,1.8400979950791554e-02
-3.7500000000000000e-01,1.8750000000000000e+00,5.8643318292211317e-02,0.0000000000000000e+00,2.4455386882286979e-02
0.0000000000000000e+00,1.8750000000000000e+00,6.1405413908879235e-02,0.0000000000000000e+00,2.6813332318725541e-02
3.7500000000000000e-01,1.8750000000000000e+00,5.8643310145162594e-02,0.0000000000000000e+00,2.4455380087336748e-02
7.5000000000000000e-01,1.8750000000000000e+00,5.0868832473839651e-02,0.0000000000000000e+00,1.8400982167122229e-02
1.1250000000000000e+00,1.8750000000000000e+00,3.9635039461539442e-02,0.0000000000000000e+00,1.1171102955504277e-02
1.5000000000000000e+00,1.8750000000000000e+00,2.7347741020302210e-02,0.0000000000000000e+00,5.3183924544961438e-03
1.8750000000000000e+00,1.8750000000000000e+00,1.6506908818890425e-02,0.0000000000000000e+00,1.9376216089255999e-03
2.2500000000000000e+00,1.8750000000000000e+00,8.6579010770668659e-03,0.0000000000000000e+00,5.3304356309529313e-04
2.6250000000000000e+00,1.8750000000000000e+00,3.9419475443416736e-03,0.0000000000000000e+00,1.1049920314553850e-04
3.0000000000000000e+00,1.8750000000000000e+00,1.5619469494830471e-03,0.0000000000000000e+00,1.7348823274662375e-05
3.3750000000000000e+00,1.8750000000000000e+00,5.4090676003322403e-04,0.0000000000000000e+00,2.0805697639085497e-06
3.7500000000000000e+00,1.8750000000000000e+00,1.6451891976910387e-04,0.0000000000000000e+00,1.9247271084083795e-07
4.1250000000000000e+00,1.8750000000000000e+00,4.4183440510765703e-05,0.0000000000000000e+00,1.3882143398175088e-08
4.5000000000000000e+00,1.8750000000000000e+00,1.0527982384244229e-05,0.0000000000000000e+00,7.8818427081213715e-10
4.8750000000000000e+00,1.8750000000000000e+00,2.2328827932242795e-06,0.0000000000000000e+00,3.5454332929970209e-11
5.2500000000000000e+00,1.8750000000000000e+00,4.2662451014778183e-07,0.0000000000000000e+00,1.2942824722406031e-12
5.6250000000000000e+00,1.8750000000000000e+00,7.6410133282994065e-08,0.0000000000000000e+00,4.1518282441421637e-14
-6.0000000000000000e+00,2.2500000000000000e+00,1.2942611958718487e-08,0.0000000000000000e+00,1.1911907862326243e-15
-5.6250000000000000e+00,2.2500000000000000e+00,3.2028457349478784e-08,0.0000000000000000e+00,7.2947347924436016e-15
-5.2500000000000000e+00,2.2500000000000000e+00,2.0055334342868794e-07,0.0000000000000000e+00,2.8602057642969062e-13
-4.8750000000000000e+00,2.2500000000000000e+00,1.0819023062419696e-06,0.0000000000000000e+00,8.3236451573453695e-12
-4.5000000000000000e+00,2.2500000000000000e+00,5.0891488268712479e-06,0.0000000000000000e+00,1.8417376556120887e-10
-4.1250000000000000e+00,2.2500000000000000e+00,2.1467816611811080e-05,0.0000000000000000e+00,3.2772775116682789e-09
-3.7500000000000000e+00,2.2500000000000000e+00,8.0460869056034193e-05,0.0000000000000000e+00,4.6036988083571778e-08
-3.3750000000000000e+00,2.2500000000000000e+00,2.6664948553459185e-04,0.0000000000000000e+00,5.0561385341057777e-07
-3.0000000000000000e+00,2.2500000000000000e+00,7.7796626828955111e-04,0.0000000000000000e+00,4.3038685482408524e-06
-2.6250000000000000e+00,2.2500000000000000e+00,1.9895424083029344e-03,0.0000000000000000e+00,2.8147761738210422e-05
-2.2500000000000000e+00,2.2500000000000000e+00,4.4446554044526004e-03,0.0000000000000000e+00,1.4047972739078903e-04
-1.8750000000000000e+00,2.2500000000000000e+00,8.6578996516113171e-03,0.0000000000000000e+00,5.3304338757241857e-04
-1.5000000000000000e+00,2.2500000000000000e+00,1.4716667347773785e-02,0.0000000000000000e+00,1.5401265623113322e-03
-1.1250000000000000e+00,2.2500000000000000e+00,2.1924676942297300e-02,0.0000000000000000e+00,3.4182503752825093e-03
-7.5000000000000000e-01,2.2500000000000000e+00,2.8852829388093332e-02,0.0000000000000000e+00,5.9198987640776690e-03
-3.7500000000000000e-01,2.2500000000000000e+00,3.3851423009588960e-02,0.0000000000000000e+00,8.1487561939493601e-03
0.0000000000000000e+00,2.2500000000000000e+00,3.5669812720613578e-02,0.0000000000000000e+00,9.0477193921681496e-03
3.7500000000000000e-01,2.2500000000000000e+00,3.3851423630686835e-02,0.0000000000000000e+00,8.1487564929722534e-03
7.5000000000000000e-01,2.2500000000000000e+00,2.8852817822484483e-02,0.0000000000000000e+00,5.9198940181154009e-03
1.1250000000000000e+00,2.2500000000000000e+00,2.1924678485843657e-02,0.0000000000000000e+00,3.4182508565874892e-03
1.5000000000000000e+00,2.2500000000000000e+00,1.4716665174669430e-02,0.0000000000000000e+00,1.5401261074725549e-03
1.8750000000000000e+00,2.2500000000000000e+00,8.6579043113510067e-03,0.0000000000000000e+00,5.3304396134762908e-04
2.2500000000000000e+00,2.2500000000000000e+00,4.4446560818163661e-03,0.0000000000000000e+00,1.4047977020890462e-04
2.6250000000000000e+00,2.2500000000000000e+00,1.9895356140299265e-03,0.0000000000000000e+00,2.8147569489731102e-05
3.0000000000000000e+00,2.2500000000000000e+00,7.7796668317996025e-04,0.0000000000000000e+00,4.3038731387593144e-06
3.3750000000000000e+00,2.2500000000000000e+00,2.6665799508822444e-04,0.0000000000000000e+00,5.0564612511624204e-07
3.7500000000000000e+00,2.2500000000000000e+00,8.0453710386728104e-05,0.0000000000000000e+00,4.6028796551050819e-08
4.1250000000000000e+00,2.2500000000000000e+00,2.1471208415429922e-05,0.0000000000000000e+00,3.2783131791561150e-09
4.5000000000000000e+00,2.2500000000000000e+00,5.0892727207394359e-06,0.0000000000000000e+00,1.8418273298533391e-10
4.8750000000000000e+00,2.2500000000000000e+00,1.0746071327033108e-06,0.0000000000000000e+00,8.2117723708930204e-12
5.2500000000000000e+00,2.2500000000000000e+00,2.0178743222729786e-07,0.0000000000000000e+00,2.8955141550141387e-13
5.6250000000000000e+00,2.2500000000000000e+00,3.5444418639890614e-08,0.0000000000000000e+00,8.9337373348965357e-15
-6.0000000000000000e+00,2.6250000000000000e+00,9.2212344445823357e-09,0.0000000000000000e+00,6.0466605996054536e-16
-5.6250000000000000e+00,2.6250000000000000e+00,1.0169131676818673e-08,0.0000000000000000e+00,7.3536881109672489e-16
-5.2500000000000000e+00,2.6250000000000000e+00,8.0434039589397871e-08,0.0000000000000000e+00,4.6006291375422745e-14
-4.8750000000000000e+00,2.6250000000000000e+00,4.5548382478626088e-07,0.0000000000000000e+00,1.4753103263425508e-12
-4.5000000000000000e+00,2.6250000000000000e+00,2.1602125394140436e-06,0.0000000000000000e+00,3.3184129532029659e-11
-4.1250000000000000e+00,2.6250000000000000e+00,9.1568330185670168e-06,0.0000000000000000e+00,5.9624953550164728e-10
-3.7500000000000000e+00,2.6250000000000000e+00,3.4526298388475361e-05,0.0000000000000000e+00,8.4769086606935910e-09
-3.3750000000000000e+00,2.6250000000000000e+00,1.1528293538974184e-04,0.0000000000000000e+00,9.4507770254758355e-08
-3.0000000000000000e+00,2.6250000000000000e+00,3.3946591120948959e-04,0.0000000000000000e+00,8.1946385687672232e-07
-2.6250000000000000e+00,2.6250000000000000e+00,8.7809561530404802e-04,0.0000000000000000e+00,5.4830358017151622e-06
-2.2500000000000000e+00,2.6250000000000000e+00,1.9895463427676810e-03,0.0000000000000000e+00,2.8147873066810701e-05
-1.8750000000000000e+00,2.6250000000000000e+00,3.9419480141275496e-03,0.0000000000000000e+00,1.1049922948326494e-04
-1.5000000000000000e+00,2.6250000000000000e+00,6.8324254742406767e-03,0.0000000000000000e+00,3.3196115812304306e-04
-1.1250000000000000e+00,2.6250000000000000e+00,1.0388537710917890e-02,0.0000000000000000e+00,7.6744331215049331e-04
-7.5000000000000000e-01,2.6250000000000000e+00,1.3924808300403364e-02,0.0000000000000000e+00,1.3788464796656529e-03
-3.7500000000000000e-01,2.6250000000000000e+00,1.6549229592582405e-02,0.0000000000000000e+00,1.9475697785458147e-03
0.0000000000000000e+00,2.6250000000000000e+00,1.7519427664684430e-02,0.0000000000000000e+00,2.1826157916310053e-03
3.7500000000000000e-01,2.6250000000000000e+00,1.6549233924403255e-02,0.0000000000000000e+00,1.9475707981128504e-03
7.5000000000000000e-01,2.6250000000000000e+00,1.3924808652259464e-02,0.0000000000000000e+00,1.3788465493478402e-03
1.1250000000000000e+00,2.6250000000000000e+00,1.0388539380170765e-02,0.0000000000000000e+00,7.6744355877944028e-04
1.5000000000000000e+00,2.6250000000000000e+00,6.8324240924084170e-03,0.0000000000000000e+00,3.3196102384727455e-04
1.8750000000000000e+00,2.6250000000000000e+00,3.9419547288696809e-03,0.0000000000000000e+00,1.1049960593392383e-04
2.2500000000000000e+00,2.6250000000000000e+00,1.9895521629054516e-03,0.0000000000000000e+00,2.8148037752332523e-05
2.6250000000000000e+00,2.6250000000000000e+00,8.7809881081086377e-04,0.0000000000000000e+00,5.4830757087818890e-06
3.0000000000000000e+00,2.6250000000000000e+00,3.3945695606379673e-04,0.0000000000000000e+00,8.1942062236514436e-07
3.3750000000000000e+00,2.6250000000000000e+00,1.1528924951791702e-04,0.0000000000000000e+00,9.4518123053543318e-08
3.7500000000000000e+00,2.6250000000000000e+00,3.4530167583184352e-05,0.0000000000000000e+00,8.4788086991843234e-09
4.1250000000000000e+00,2.6250000000000000e+00,9.1566662103881511e-06,0.0000000000000000e+00,5.9622781218463371e-10
4.5000000000000000e+00,2.6250000000000000e+00,2.1619322892285322e-06,0.0000000000000000e+00,3.3236986476152333e-11
4.8750000000000000e+00,2.6250000000000000e+00,4.5250785577913115e-07,0.0000000000000000e+00,1.4560950011863250e-12
5.2500000000000000e+00,2.6250000000000000e+00,7.8765937824380019e-08,0.0000000000000000e+00,4.4117852169629146e-14
5.6250000000000000e+00,2.6250000000000000e+00,1.4642764920172963e-08,0.0000000000000000e+00,1.5246973476085187e-15
-6.0000000000000000e+00,3.0000000000000000e+00,7.4630295086127483e-09,0.0000000000000000e+00,3.9606620050790858e-16
-5.6250000000000000e+00,3.0000000000000000e+00,9.7420997121170251e-10,0.0000000000000000e+00,6.7490493725035114e-18
-5.2500000000000000e+00,3.0000000000000000e+00,2.4910229152566737e-08,0.0000000000000000e+00,4.4125832279707435e-15
-4.8750000000000000e+00,3.0000000000000000e+00,1.6615149473349759e-07,0.0000000000000000e+00,1.9631160321547004e-13
-4.5000000000000000e+00,3.0000000000000000e+00,8.0643120758870541e-07,0.0000000000000000e+00,4.6245780805189520e-12
-4.1250000000000000e+00,3.0000000000000000e+00,3.4334722533944148e-06,0.0000000000000000e+00,8.3830981083230733e-11
-3.7500000000000000e+00,3.0000000000000000e+00,1.3021787710235323e-05,0.0000000000000000e+00,1.2058094589897650e-09
-3.3750000000000000e+00,3.0000000000000000e+00,4.3793060887014376e-05,0.0000000000000000e+00,1.3637917737626656e-08
-3.0000000000000000e+00,3.0000000000000000e+00,1.2997274607706448e-04,0.0000000000000000e+00,1.2012739358444855e-07
-2.6250000000000000e+00,3.0000000000000000e+00,3.3946018357967710e-04,0.0000000000000000e+00,8.1943620434451972e-07
-2.2500000000000000e+00,3.0000000000000000e+00,7.7796808217491897e-04,0.0000000000000000e+00,4.3038886178341082e-06
-1.8750000000000000e+00,3.0000000000000000e+00,1.5619492608879989e-03,0.0000000000000000e+00,1.7348874621074245e-05
-1.5000000000000000e+00,3.0000000000000000e+00,2.7469225600103360e-03,0.0000000000000000e+00,5.3657483027155469e-05
-1.1250000000000000e+00,3.0000000000000000e+00,4.2383683285384405e-03,0.0000000000000000e+00,1.2774233662832165e-04
-7.5000000000000000e-01,3.0000000000000000e+00,5.7548986573853324e-03,0.0000000000000000e+00,2.3551188307040357e-04
-3.7500000000000000e-01,3.0000000000000000e+00,6.9009045133337074e-03,0.0000000000000000e+00,3.3864876872639665e-04
0.0000000000000000e+00,3.0000000000000000e+00,7.3288925558138802e-03,0.0000000000000000e+00,3.8195673667316699e-04
3.7500000000000000e-01,3.0000000000000000e+00,6.9008994087810405e-03,0.0000000000000000e+00,3.3864826773414766e-04
7.5000000000000000e-01,3.0000000000000000e+00,5.7549006120980557e-03,0.0000000000000000e+00,2.3551204305867788e-04
1.1250000000000000e+00,3.0000000000000000e+00,4.2383647568944955e-03,0.0000000000000000e+00,1.2774212133322908e-04
1.5000000000000000e+00,3.0000000000000000e+00,2.7469261482863851e-03,0.0000000000000000e+00,5.3657623211658493e-05
1.8750000000000000e+00,3.0000000000000000e+00,1.5619458316015065e-03,0.0000000000000000e+00,1.7348798441652066e-05
2.2500000000000000e+00,3.0000000000000000e+00,7.7796851529650314e-04,0.0000000000000000e+00,4.3038934100810348e-06
2.6250000000000000e+00,3.0000000000000000e+00,3.3946032666328196e-04,0.0000000000000000e+00,8.1943689513487713e-07
3.0000000000000000e+00,3.0000000000000000e+00,1.2997814426711523e-04,0.0000000000000000e+00,1.2013737235287481e-07
3.3750000000000000e+00,3.0000000000000000e+00,4.3789633987915440e-05,0.0000000000000000e+00,1.3635783429657594e-08
3.7500000000000000e+00,3.0000000000000000e+00,1.3031213955241329e-05,0.0000000000000000e+00,1.2075558197139652e-09
4.1250000000000000e+00,3.0000000000000000e+00,3.4297305909959356e-06,0.0000000000000000e+00,8.3648369257339235e-11
4.5000000000000000e+00,3.0000000000000000e+00,8.1058370001680320e-07,0.0000000000000000e+00,4.6723266469897304e-12
4.8750000000000000e+00,3.0000000000000000e+00,1.6352965322399873e-07,0.0000000000000000e+00,1.9016495988310244e-13
5.2500000000000000e+00,3.0000000000000000e+00,2.2830907614164033e-08,0.0000000000000000e+00,3.7066691021261735e-15
5.6250000000000000e+00,3.0000000000000000e+00,7.8122823268022894e-09,0.0000000000000000e+00,4.3400359220385698e-16
-6.0000000000000000e+00,3.3750000000000000e+00,4.9401505422373309e-09,0.0000000000000000e+00,1.7354728803532656e-16
-5.6250000000000000e+00,3.3750000000000000e+00,-1.4827993335280132e-09,0.0000000000000000e+00,1.5635156362745742e-17
-5.2500000000000000e+00,3.3750000000000000e+00,3.7774303907484071e-09,0.0000000000000000e+00,1.0146830476053093e-16
-4.8750000000000000e+00,3.3750000000000000e+00,5.3163133262530560e-08,0.0000000000000000e+00,2.0098266583392591e-14
-4.5000000000000000e+00,3.3750000000000000e+00,2.6516213275896215e-07,0.0000000000000000e+00,4.9998902506155712e-13
-4.1250000000000000e+00,3.3750000000000000e+00,1.1323378113171583e-06,0.0000000000000000e+00,9.1177878680073431e-12
-3.7500000000000000e+00,3.3750000000000000e+00,4.3262973413646222e-06,0.0000000000000000e+00,1.3309759065527891e-10
-3.3750000000000000e+00,3.3750000000000000e+00,1.4656221681882344e-05,0.0000000000000000e+00,1.5275010416958444e-09
-3.0000000000000000e+00,3.3750000000000000e+00,4.3781719595090634e-05,0.0000000000000000e+00,1.3630854902777907e-08
-2.6250000000000000e+00,3.3750000000000000e+00,1.1528502045188597e-04,0.0000000000000000e+00,9.4511188910874785e-08
-2.2500000000000000e+00,3.3750000000000000e+00,2.6665134130178676e-04,0.0000000000000000e+00,5.0562089115052067e-07
-1.8750000000000000e+00,3.3750000000000000e+00,5.4091413150405231e-04,0.0000000000000000e+00,2.0806264722544584e-06
-1.5000000000000000e+00,3.3750000000000000e+00,9.6173688108779965e-04,0.0000000000000000e+00,6.5773356689385853e-06
-1.1250000000000000e+00,3.3750000000000000e+00,1.4998480636770970e-03,0.0000000000000000e+00,1.5996758855935556e-05
-7.5000000000000000e-01,3.3750000000000000e+00,2.0552350827689361e-03,0.0000000000000000e+00,3.0037271078714567e-05
-3.7500000000000000e-01,3.3750000000000000e+00,2.4799032985013047e-03,0.0000000000000000e+00,4.3732767074969970e-05
0.0000000000000000e+00,3.3750000000000000e+00,2.6395461739437730e-03,0.0000000000000000e+00,4.9544561808933060e-05
3.7500000000000000e-01,3.3750000000000000e+00,2.4798993537119198e-03,0.0000000000000000e+00,4.3732627943401230e-05
7.5000000000000000e-01,3.3750000000000000e+00,2.0552303977097886e-03,0.0000000000000000e+00,3.0037134134544611e-05
1.1250000000000000e+00,3.3750000000000000e+00,1.4998488824769199e-03,0.0000000000000000e+00,1.5996776321900553e-05
1.5000000000000000e+00,3.3750000000000000e+00,9.6173824826933669e-04,0.0000000000000000e+00,6.5773543693096700e-06
1.8750000000000000e+00,3.3750000000000000e+00,5.4091043719689514e-04,0.0000000000000000e+00,2.0805980520429244e-06
2.2500000000000000e+00,3.3750000000000000e+00,2.6664723727364172e-04,0.0000000000000000e+00,5.0560532725806789e-07
2.6250000000000000e+00,3.3750000000000000e+00,1.1528214834407250e-04,0.0000000000000000e+00,9.4506479835198140e-08
3.0000000000000000e+00,3.3750000000000000e+00,4.3792080299655289e-05,0.0000000000000000e+00,1.3637307000685915e-08
3.3750000000000000e+00,3.3750000000000000e+00,1.4647019624213859e-05,0.0000000000000000e+00,1.5255835297571975e-09
3.7500000000000000e+00,3.3750000000000000e+00,4.3333370237021088e-06,0.0000000000000000e+00,1.3353109163368853e-10
4.1250000000000000e+00,3.3750000000000000e+00,1.1292131605345301e-06,0.0000000000000000e+00,9.0675367959067199e-12
4.5000000000000000e+00,3.3750000000000000e+00,2.6953442704571079e-07,0.0000000000000000e+00,5.1661374124700155e-13
4.8750000000000000e+00,3.3750000000000000e+00,4.7523094448561661e-08,0.0000000000000000e+00,1.6060049820209153e-14
5.2500000000000000e+00,3.3750000000000000e+00,3.6281999550365066e-09,0.0000000000000000e+00,9.3609492719835800e-17
5.6250000000000000e+00,3.3750000000000000e+00,6.3203659245795508e-09,0.0000000000000000e+00,2.8406773632416940e-16
-6.0000000000000000e+00,3.7500000000000000e+00,1.8025087547240740e-09,0.0000000000000000e+00,2.3104268877204851e-17
-5.6250000000000000e+00,3.7500000000000000e+00,-1.3657685074912786e-09,0.0000000000000000e+00,1.3264523491946344e-17
-5.2500000000000000e+00,3.7500000000000000e+00,-1.7332160427227813e-09,0.0000000000000000e+00,2.1362046938678173e-17
-4.8750000000000000e+00,3.7500000000000000e+00,1.7278760740803073e-08,0.0000000000000000e+00,2.1230618505807471e-15
-4.5000000000000000e+00,3.7500000000000000e+00,7.7237848665125658e-08,0.0000000000000000e+00,4.2422650783408734e-14
-4.1250000000000000e+00,3.7500000000000000e+00,3.2775584437836112e-07,0.0000000000000000e+00,7.6390324283855981e-13
-3.7500000000000000e+00,3.7500000000000000e+00,1.2715895433380219e-06,0.0000000000000000e+00,1.1498239763389150e-11
-3.3750000000000000e+00,3.7500000000000000e+00,4.3356027430206684e-06,0.0000000000000000e+00,1.3367076369982822e-10
-3.0000000000000000e+00,3.7500000000000000e+00,1.3028114477717734e-05,0.0000000000000000e+00,1.2069814531165754e-09
-2.6250000000000000e+00,3.7500000000000000e+00,3.4524694542954193e-05,0.0000000000000000e+00,8.4761211255771804e-09
-2.2500000000000000e+00,3.7500000000000000e+00,8.0455801214123233e-05,0.0000000000000000e+00,4.6031188970712983e-08
-1.8750000000000000e+00,3.7500000000000000e+00,1.6452339461476859e-04,0.0000000000000000e+00,1.9248318133736437e-07
-1.5000000000000000e+00,3.7500000000000000e+00,2.9498101254237240e-04,0.0000000000000000e+00,6.1876478407483214e-07
-1.1250000000000000e+00,3.7500000000000000e+00,4.6370402161506635e-04,0.0000000000000000e+00,1.5290412064852331e-06
-7.5000000000000000e-01,3.7500000000000000e+00,6.3966230014296554e-04,0.0000000000000000e+00,2.9096381029275684e-06
-3.7500000000000000e-01,3.7500000000000000e+00,7.7529478424251516e-04,0.0000000000000000e+00,4.2743609064792753e-06
0.0000000000000000e+00,3.7500000000000000e+00,8.2650840943340037e-04,0.0000000000000000e+00,4.8577148505893642e-06
3.7500000000000000e-01,3.7500000000000000e+00,7.7529725790237934e-04,0.0000000000000000e+00,4.2743881821223003e-06
7.5000000000000000e-01,3.7500000000000000e+00,6.3966083506118579e-04,0.0000000000000000e+00,2.9096247744794566e-06
1.1250000000000000e+00,3.7500000000000000e+00,4.6370786089547437e-04,0.0000000000000000e+00,1.5290665262667135e-06
1.5000000000000000e+00,3.7500000000000000e+00,2.9497887590406352e-04,0.0000000000000000e+00,6.1875582029955484e-07
1.8750000000000000e+00,3.7500000000000000e+00,1.6452699849628903e-04,0.0000000000000000e+00,1.9249161410985168e-07
2.2500000000000000e+00,3.7500000000000000e+00,8.0454075845186996e-05,0.0000000000000000e+00,4.6029214720733165e-08
2.6250000000000000e+00,3.7500000000000000e+00,3.4524913000666209e-05,0.0000000000000000e+00,8.4762283925587239e-09
3.0000000000000000e+00,3.7500000000000000e+00,1.3025796932235941e-05,0.0000000000000000e+00,1.2065520762300248e-09
3.3750000000000000e+00,3.7500000000000000e+00,4.3291968352672563e-06,0.0000000000000000e+00,1.3327605502924821e-10
3.7500000000000000e+00,3.7500000000000000e+00,1.2725549978068923e-06,0.0000000000000000e+00,1.1515706470707908e-11
4.1250000000000000e+00,3.7500000000000000e+00,3.2913433734531881e-07,0.0000000000000000e+00,7.7034248547372168e-13
4.5000000000000000e+00,3.7500000000000000e+00,7.9098430638051982e-08,0.0000000000000000e+00,4.4491105631308234e-14
4.8750000000000000e+00,3.7500000000000000e+00,9.0890320000233329e-09,0.0000000000000000e+00,5.8745246362629789e-16
5.2500000000000000e+00,3.7500000000000000e+00,2.1988693887798088e-10,0.0000000000000000e+00,3.4382411298936105e-19
5.6250000000000000e+00,3.7500000000000000e+00,4.6967435144974122e-09,0.0000000000000000e+00,1.5686684189136714e-16
-6.0000000000000000e+00,4.1250000000000000e+00,-7.5747347218316530e-10,0.0000000000000000e+00,4.0801142119909020e-18
-5.6250000000000000e+00,4.1250000000000000e+00,-8.0404012157935545e-10,0.0000000000000000e+00,4.5971947883331183e-18
-5.2500000000000000e+00,4.1250000000000000e+00,-1.6068684655823593e-09,0.0000000000000000e+00,1.8361075667079155e-17
-4.8750000000000000e+00,4.1250000000000000e+00,8.6039508819830266e-09,0.0000000000000000e+00,5.2642112554365511e-16
-4.5000000000000000e+00,4.1250000000000000e+00,2.0697378397766892e-08,0.0000000000000000e+00,3.0462682491758048e-15
-4.1250000000000000e+00,4.1250000000000000e+00,8.2606582273431684e-08,0.0000000000000000e+00,4.8525137314824802e-14
-3.7500000000000000e+00,4.1250000000000000e+00,3.3524693143306187e-07,0.0000000000000000e+00,7.9922136913979794e-13
-3.3750000000000000e+00,4.1250000000000000e+00,1.1380569234444882e-06,0.0000000000000000e+00,9.2101231004439727e-12
-3.0000000000000000e+00,4.1250000000000000e+00,3.4431362996440256e-06,0.0000000000000000e+00,8.4303556109698515e-11
-2.6250000000000000e+00,4.1250000000000000e+00,9.1565801005662482e-06,0.0000000000000000e+00,5.9621659831527689e-10
-2.2500000000000000e+00,4.1250000000000000e+00,2.1468692067901212e-05,0.0000000000000000e+00,3.2775448114230360e-09
-1.8750000000000000e+00,4.1250000000000000e+00,4.4171897569872025e-05,0.0000000000000000e+00,1.3874890915009894e-08
-1.5000000000000000e+00,4.1250000000000000e+00,7.9721653521203033e-05,0.0000000000000000e+00,4.5194965618878178e-08
-1.1250000000000000e+00,4.1250000000000000e+00,1.2608498861160224e-04,0.0000000000000000e+00,1.1304835095600260e-07
-7.5000000000000000e-01,4.1250000000000000e+00,1.7480147855611808e-04,0.0000000000000000e+00,2.1728396021621338e-07
-3.7500000000000000e-01,4.1250000000000000e+00,2.1256929059903533e-04,0.0000000000000000e+00,3.2132055684108183e-07
0.0000000000000000e+00,4.1250000000000000e+00,2.2686895034774296e-04,0.0000000000000000e+00,3.6600548004897179e-07
3.7500000000000000e-01,4.1250000000000000e+00,2.1257342052887938e-04,0.0000000000000000e+00,3.2133304259802877e-07
7.5000000000000000e-01,4.1250000000000000e+00,1.7480517806864440e-04,0.0000000000000000e+00,2.1729315754389674e-07
1.1250000000000000e+00,4.1250000000000000e+00,1.2608612485072638e-04,0.0000000000000000e+00,1.1305038847909662e-07
1.5000000000000000e+00,4.1250000000000000e+00,7.9719697421845793e-05,0.0000000000000000e+00,4.5192747783329044e-08
1.8750000000000000e+00,4.1250000000000000e+00,4.4177653639155612e-05,0.0000000000000000e+00,1.3878507243101862e-08
2.2500000000000000e+00,4.1250000000000000e+00,2.1470201838974438e-05,0.0000000000000000e+00,3.2780058098225872e-09
2.6250000000000000e+00,4.1250000000000000e+00,9.1588803842372824e-06,0.0000000000000000e+00,5.9651619479300594e-10
3.0000000000000000e+00,4.1250000000000000e+00,3.4320706547810819e-06,0.0000000000000000e+00,8.3762552742467149e-11
3.3750000000000000e+00,4.1250000000000000e+00,1.1388723239744418e-06,0.0000000000000000e+00,9.2233256555729488e-12
3.7500000000000000e+00,4.1250000000000000e+00,3.3104103551437497e-07,0.0000000000000000e+00,7.7929363338261104e-13
4.1250000000000000e+00,4.1250000000000000e+00,8.8869588225943751e-08,0.0000000000000000e+00,5.6162159725858138e-14
4.5000000000000000e+00,4.1250000000000000e+00,1.9231562000774842e-08,0.0000000000000000e+00,2.6300656141485999e-15
4.8750000000000000e+00,4.1250000000000000e+00,4.9075423757750082e-10,0.0000000000000000e+00,1.7126380209797271e-18
5.2500000000000000e+00,4.1250000000000000e+00,1.1327349682107241e-09,0.0000000000000000e+00,9.1241849472522663e-18
5.6250000000000000e+00,4.1250000000000000e+00,2.0187054580801779e-09,0.0000000000000000e+00,2.8978998943876983e-17
-6.0000000000000000e+00,4.5000000000000000e+00,-2.0295098601203934e-09,0.0000000000000000e+00,2.9290028603206395e-17
-5.6250000000000000e+00,4.5000000000000000e+00,-4.4448914384699248e-10,0.0000000000000000e+00,1.4049464817623634e-18
-5.2500000000000000e+00,4.5000000000000000e+00,-3.9030947290361399e-10,0.0000000000000000e+00,1.0833172240945564e-18
-4.8750000000000000e+00,4.5000000000000000e+00,6.6978528768073637e-09,0.0000000000000000e+00,3.1901321357764749e-16
-4.5000000000000000e+00,4.5000000000000000e+00,5.9734570330770717e-09,0.0000000000000000e+00,2.5374001014057196e-16
-4.1250000000000000e+00,4.5000000000000000e+00,1.7694280973865639e-08,0.0000000000000000e+00,2.2264005630727362e-15
-3.7500000000000000e+00,4.5000000000000000e+00,8.3068828196336347e-08,0.0000000000000000e+00,4.9069725994044048e-14
-3.3750000000000000e+00,4.5000000000000000e+00,2.6544762841658347e-07,0.0000000000000000e+00,5.0106626440525208e-13
-3.0000000000000000e+00,4.5000000000000000e+00,8.0854524904439723e-07,0.0000000000000000e+00,4.6488563182383384e-12
-2.6250000000000000e+00,4.5000000000000000e+00,2.1589643146053871e-06,0.0000000000000000e+00,3.3145791372369845e-11
-2.2500000000000000e+00,4.5000000000000000e+00,5.0869507760063959e-06,0.0000000000000000e+00,1.8401470718230808e-10
-1.8750000000000000e+00,4.5000000000000000e+00,1.0522974942162121e-05,0.0000000000000000e+00,7.8743467828175572e-10
-1.5000000000000000e+00,4.5000000000000000e+00,1.9089931387004688e-05,0.0000000000000000e+00,2.5914700825638876e-09
-1.1250000000000000e+00,4.5000000000000000e+00,3.0334919870550870e-05,0.0000000000000000e+00,6.5436968074861647e-09
-7.5000000000000000e-01,4.5000000000000000e+00,4.2219029548695546e-05,0.0000000000000000e+00,1.2675174798461352e-08
-3.7500000000000000e-01,4.5000000000000000e+00,5.1472304139897157e-05,0.0000000000000000e+00,1.8840164220231638e-08
0.0000000000000000e+00,4.5000000000000000e+00,5.4982056324056154e-05,0.0000000000000000e+00,2.1497077458643081e-08
3.7500000000000000e-01,4.5000000000000000e+00,5.1473709622016239e-05,0.0000000000000000e+00,1.8841193118233936e-08
7.5000000000000000e-01,4.5000000000000000e+00,4.2221611279576735e-05,0.0000000000000000e+00,1.2676725042088400e-08
1.1250000000000000e+00,4.5000000000000000e+00,3.0332377545733443e-05,0.0000000000000000e+00,6.5426000183247241e-09
1.5000000000000000e+00,4.5000000000000000e+00,1.9090152440625795e-05,0.0000000000000000e+00,2.5915300992450203e-09
1.8750000000000000e+00,4.5000000000000000e+00,1.0524467307075851e-05,0.0000000000000000e+00,7.8765804158370429e-10
2.2500000000000000e+00,4.5000000000000000e+00,5.0886204308544721e-06,0.0000000000000000e+00,1.8413552276842350e-10
2.6250000000000000e+00,4.5000000000000000e+00,2.1594388509644894e-06,0.0000000000000000e+00,3.3160363740834377e-11
3.0000000000000000e+00,4.5000000000000000e+00,8.0094804319989038e-07,0.0000000000000000e+00,4.5619041273296602e-12
3.3750000000000000e+00,4.5000000000000000e+00,2.7199202299938857e-07,0.0000000000000000e+00,5.2607758631324385e-13
3.7500000000000000e+00,4.5000000000000000e+00,7.6631679438537697e-08,0.0000000000000000e+00,4.1759390532059032e-14
4.1250000000000000e+00,4.5000000000000000e+00,2.6351859740829605e-08,0.0000000000000000e+00,4.9381014172469773e-15
4.5000000000000000e+00,4.5000000000000000e+00,2.3672941554502481e-09,0.0000000000000000e+00,3.9851247064383311e-17
4.8750000000000000e+00,4.5000000000000000e+00,6.5020338905702816e-10,0.0000000000000000e+00,3.0063249574488544e-18
5.2500000000000000e+00,4.5000000000000000e+00,1.9107111069575975e-09,0.0000000000000000e+00,2.5961364865785795e-17
5.6250000000000000e+00,4.5000000000000000e+00,-4.2123091606210331e-10,0.0000000000000000e+00,1.2617634463752444e-18
-6.0000000000000000e+00,4.8750000000000000e+00,-2.1497689533376913e-09,0.0000000000000000e+00,3.2864046597224059e-17
-5.6250000000000000e+00,4.8750000000000000e+00,-2.8170647855999652e-10,0.0000000000000000e+00,5.6432739600123574e-19
-5.2500000000000000e+00,4.8750000000000000e+00,3.9092627153774778e-10,0.0000000000000000e+00,1.0867438206464349e-18
-4.8750000000000000e+00,4.8750000000000000e+00,5.3635383438868013e-09,0.0000000000000000e+00,2.0456919869400156e-16
-4.5000000000000000e+00,4.8750000000000000e+00,2.4693784283498568e-09,0.0000000000000000e+00,4.3362345403730556e-17
-4.1250000000000000e+00,4.8750000000000000e+00,2.9477993938230353e-09,0.0000000000000000e+00,6.1792151226477890e-17
-3.7500000000000000e+00,4.8750000000000000e+00,2.1890334572338882e-08,0.0000000000000000e+00,3.4075502057879820e-15
-3.3750000000000000e+00,4.8750000000000000e+00,5.3907019989593400e-08,0.0000000000000000e+00,2.0664652829571005e-14
-3.0000000000000000e+00,4.8750000000000000e+00,1.6128233411224136e-07,0.0000000000000000e+00,1.8497416033203666e-13
-2.6250000000000000e+00,4.8750000000000000e+00,4.5166516542071073e-07,0.0000000000000000e+00,1.4506767762099057e-12
-2.2500000000000000e+00,4.8750000000000000e+00,1.0718445089463312e-06,0.0000000000000000e+00,8.1696046318819695e-12
-1.8750000000000000e+00,4.8750000000000000e+00,2.2444108622425706e-06,0.0000000000000000e+00,3.5821369731928459e-11
-1.5000000000000000e+00,4.8750000000000000e+00,4.0799158930215007e-06,0.0000000000000000e+00,1.1836951960269818e-10
-1.1250000000000000e+00,4.8750000000000000e+00,6.4993529280016571e-06,0.0000000000000000e+00,3.0038462921047978e-10
-7.5000000000000000e-01,4.8750000000000000e+00,9.0673372829381016e-06,0.0000000000000000e+00,5.8465141619597727e-10
-3.7500000000000000e-01,4.8750000000000000e+00,1.1081990115187956e-05,0.0000000000000000e+00,8.7331914604887862e-10
0.0000000000000000e+00,4.8750000000000000e+00,1.1856005817350877e-05,0.0000000000000000e+00,9.9957243691418908e-10
3.7500000000000000e-01,4.8750000000000000e+00,1.1080407242275010e-05,0.0000000000000000e+00,8.7306968643314129e-10
7.5000000000000000e-01,4.8750000000000000e+00,9.0651034096307344e-06,0.0000000000000000e+00,5.8436337654968015e-10
1.1250000000000000e+00,4.8750000000000000e+00,6.4954375335830316e-06,0.0000000000000000e+00,3.0002281779682999e-10
1.5000000000000000e+00,4.8750000000000000e+00,4.0817197345639190e-06,0.0000000000000000e+00,1.1847421149531414e-10
1.8750000000000000e+00,4.8750000000000000e+00,2.2408075597877874e-06,0.0000000000000000e+00,3.5706442808903811e-11
2.2500000000000000e+00,4.8750000000000000e+00,1.0717999120228277e-06,0.0000000000000000e+00,8.1689248100418925e-12
2.6250000000000000e+00,4.8750000000000000e+00,4.4912048900801676e-07,0.0000000000000000e+00,1.4343766303772452e-12
3.0000000000000000e+00,4.8750000000000000e+00,1.6202027814727581e-07,0.0000000000000000e+00,1.8667072377543551e-13
3.3750000000000000e+00,4.8750000000000000e+00,6.2272442295949016e-08,0.0000000000000000e+00,2.7575872494238576e-14
3.7500000000000000e+00,4.8750000000000000e+00,1.5793432935539827e-08,0.0000000000000000e+00,1.7737423921023586e-15
4.1250000000000000e+00,4.8750000000000000e+00,1.1150559642282692e-08,0.0000000000000000e+00,8.8415986016784720e-16
4.5000000000000000e+00,4.8750000000000000e+00,-1.5340022246136586e-09,0.0000000000000000e+00,1.6733602311961982e-17
4.8750000000000000e+00,4.8750000000000000e+00,1.7783733773954968e-09,0.0000000000000000e+00,2.2489684404828915e-17
5.2500000000000000e+00,4.8750000000000000e+00,1.8119362566982479e-09,0.0000000000000000e+00,2.3346581321512243e-17
5.6250000000000000e+00,4.8750000000000000e+00,-1.6774271751815901e-09,0.0000000000000000e+00,2.0008973710490232e-17
-6.0000000000000000e+00,5.2500000000000000e+00,-1.6199580852233718e-09,0.0000000000000000e+00,1.8661434296039629e-17
-5.6250000000000000e+00,5.2500000000000000e+00,-1.8363687628979169e-10,0.0000000000000000e+00,2.3980446103802497e-19
-5.2500000000000000e+00,5.2500000000000000e+00,5.6027212106210343e-10,0.0000000000000000e+00,2.2322122641026010e-18
-4.8750000000000000e+00,5.2500000000000000e+00,3.6848733049076586e-09,0.0000000000000000e+00,9.6556737942905530e-17
-4.5000000000000000e+00,5.2500000000000000e+00,1.4175667708474808e-09,0.0000000000000000e+00,1.4289746131989009e-17
-4.1250000000000000e+00,5.2500000000000000e+00,3.5276948325488361e-10,0.0000000000000000e+00,8.8495152580208088e-19
-3.7500000000000000e+00,5.2500000000000000e+00,7.6952669769464742e-09,0.0000000000000000e+00,4.2109961846387862e-16
-3.3750000000000000e+00,5.2500000000000000e+00,9.7272808496608868e-09,0.0000000000000000e+00,6.7285328162260926e-16
-3.0000000000000000e+00,5.2500000000000000e+00,2.3327455933148303e-08,0.0000000000000000e+00,3.8696547577811623e-15
-2.6250000000000000e+00,5.2500000000000000e+00,8.5931218602555774e-08,0.0000000000000000e+00,5.2509684128143836e-14
-2.2500000000000000e+00,5.2500000000000000e+00,2.0133924553685508e-07,0.0000000000000000e+00,2.8826660830826680e-13
-1.8750000000000000e+00,5.2500000000000000e+00,4.3225917059912460e-07,0.0000000000000000e+00,1.3286968218100844e-12
-1.5000000000000000e+00,5.2500000000000000e+00,7.7839350847634114e-07,0.0000000000000000e+00,4.3085970064932106e-12
-1.1250000000000000e+00,5.2500000000000000e+00,1.2498280951285009e-06,0.0000000000000000e+00,1.1108055234649153e-11
-7.5000000000000000e-01,5.2500000000000000e+00,1.7483494805130298e-06,0.0000000000000000e+00,2.1736717553850178e-11
-3.7500000000000000e-01,5.2500000000000000e+00,2.1350178152650877e-06,0.0000000000000000e+00,3.2414585397328412e-11
0.0000000000000000e+00,5.2500000000000000e+00,2.2896625056247780e-06,0.0000000000000000e+00,3.7280386770943546e-11
3.7500000000000000e-01,5.2500000000000000e+00,2.1324899888715571e-06,0.0000000000000000e+00,3.2337874152088273e-11
7.5000000000000000e-01,5.2500000000000000e+00,1.7440163218039935e-06,0.0000000000000000e+00,2.1629105285110973e-11
1.1250000000000000e+00,5.2500000000000000e+00,1.2464712573292513e-06,0.0000000000000000e+00,1.1048466455807748e-11
1.5000000000000000e+00,5.2500000000000000e+00,7.8039427536214212e-07,0.0000000000000000e+00,4.3307749334613542e-12
1.8750000000000000e+00,5.2500000000000000e+00,4.2714700095370000e-07,0.0000000000000000e+00,1.2974546519021525e-12
2.2500000000000000e+00,5.2500000000000000e+00,2.0032361677772593e-07,0.0000000000000000e+00,2.8536569912113208e-13
2.6250000000000000e+00,5.2500000000000000e+00,8.2469610776609025e-08,0.0000000000000000e+00,4.8364349878367198e-14
3.0000000000000000e+00,5.2500000000000000e+00,2.8068636380122153e-08,0.0000000000000000e+00,5.6024771430365639e-15
3.3750000000000000e+00,5.2500000000000000e+00,1.6638853464282770e-08,0.0000000000000000e+00,1.9687213838639980e-15
3.7500000000000000e+00,5.2500000000000000e+00,3.2985539725801307e-09,0.0000000000000000e+00,7.7372147982394035e-17
4.1250000000000000e+00,5.2500000000000000e+00,6.3382715846885138e-09,0.0000000000000000e+00,2.8567954973347444e-16
4.5000000000000000e+00,5.2500000000000000e+00,-1.7147158117038789e-09,0.0000000000000000e+00,2.0908446683785191e-17
4.8750000000000000e+00,5.2500000000000000e+00,1.8960007197052846e-09,0.0000000000000000e+00,2.5563155407096584e-17
5.2500000000000000e+00,5.2500000000000000e+00,1.2736667709377239e-09,0.0000000000000000e+00,1.1535836753002158e-17
5.6250000000000000e+00,5.2500000000000000e+00,-1.7068080624778843e-09,0.0000000000000000e+00,2.0716044530769844e-17
-6.0000000000000000e+00,5.6250000000000000e+00,-9.0870452321368524e-10,0.0000000000000000e+00,5.8719566969529667e-18
-5.6250000000000000e+00,5.6250000000000000e+00,-9.3875362484495842e-11,0.0000000000000000e+00,6.2667261735790149e-20
-5.2500000000000000e+00,5.6250000000000000e+00,3.7186024991473306e-10,0.0000000000000000e+00,9.8332476776282824e-19
-4.8750000000000000e+00,5.6250000000000000e+00,2.0147144948133172e-09,0.0000000000000000e+00,2.8864529746566256e-17
-4.5000000000000000e+00,5.6250000000000000e+00,7.7729819625820635e-10,0.0000000000000000e+00,4.2964798997778566e-18
-4.1250000000000000e+00,5.6250000000000000e+00,1.3913605833847960e-10,0.0000000000000000e+00,1.3766288163533368e-19
-3.7500000000000000e+00,5.6250000000000000e+00,3.6795922624730800e-09,0.0000000000000000e+00,9.6280172217256957e-17
-3.3750000000000000e+00,5.6250000000000000e+00,2.7790957721321569e-09,0.0000000000000000e+00,5.4921765764855674e-17
-3.0000000000000000e+00,5.6250000000000000e+00,3.3823581797428019e-09,0.0000000000000000e+00,8.1353577643186071e-17
-2.6250000000000000e+00,5.6250000000000000e+00,1.9234650815946058e-08,0.0000000000000000e+00,2.6309105209697734e-15
-2.2500000000000000e+00,5.6250000000000000e+00,3.5122237792362272e-08,0.0000000000000000e+00,8.7720646225297104e-15
-1.8750000000000000e+00,5.6250000000000000e+00,6.9084355600961488e-08,0.0000000000000000e+00,3.3938831564800699e-14
-1.5000000000000000e+00,5.6250000000000000e+00,1.1979412500845860e-07,0.0000000000000000e+00,1.0204894141541125e-13
-1.1250000000000000e+00,5.6250000000000000e+00,2.1661479060275141e-07,0.0000000000000000e+00,3.3366732450043623e-13
-7.5000000000000000e-01,5.6250000000000000e+00,3.1770527688138693e-07,0.0000000000000000e+00,7.1777168325887097e-13
-3.7500000000000000e-01,5.6250000000000000e+00,3.7321163620828831e-07,0.0000000000000000e+00,9.9048480285345947e-13
0.0000000000000000e+00,5.6250000000000000e+00,3.9078190871237302e-07,0.0000000000000000e+00,1.0859413345911853e-12
3.7500000000000000e-01,5.6250000000000000e+00,3.7149384215463821e-07,0.0000000000000000e+00,9.8138790939601962e-13
7.5000000000000000e-01,5.6250000000000000e+00,3.1529490512788336e-07,0.0000000000000000e+00,7.0692179341938464e-13
1.1250000000000000e+00,5.6250000000000000e+00,2.1445656788908320e-07,0.0000000000000000e+00,3.2705151652099520e-13
1.5000000000000000e+00,5.6250000000000000e+00,1.2110692501172698e-07,0.0000000000000000e+00,1.0429786514343866e-13
1.8750000000000000e+00,5.6250000000000000e+00,6.5884754439593402e-08,0.0000000000000000e+00,3.0867917280465940e-14
2.2500000000000000e+00,5.6250000000000000e+00,3.4518980664258279e-08,0.0000000000000000e+00,8.4733157411515525e-15
2.6250000000000000e+00,5.6250000000000000e+00,1.7176724842407721e-08,0.0000000000000000e+00,2.0980613426615932e-15
3.0000000000000000e+00,5.6250000000000000e+00,6.4159974703470749e-09,0.0000000000000000e+00,2.9272905628088938e-16
3.3750000000000000e+00,5.6250000000000000e+00,6.7831548641891584e-09,0.0000000000000000e+00,3.2719068381563049e-16
3.7500000000000000e+00,5.6250000000000000e+00,1.2589614245821499e-09,0.0000000000000000e+00,1.1270996398833184e-17
4.1250000000000000e+00,5.6250000000000000e+00,3.4568434813556779e-09,0.0000000000000000e+00,8.4976119854871064e-17
4.5000000000000000e+00,5.6250000000000000e+00,-1.0023029317272792e-09,0.0000000000000000e+00,7.1439016316380368e-18
4.8750000000000000e+00,5.6250000000000000e+00,1.1861022832873430e-09,0.0000000000000000e+00,1.0004185787871634e-17
5.2500000000000000e+00,5.6250000000000000e+00,7.0713660831387783e-10,0.0000000000000000e+00,3.5558555222588782e-18
5.6250000000000000e+00,5.6250000000000000e+00,-1.0428879704606043e-09,0.0000000000000000e+00,7.7341533790680057e-18
